REASON,missing?/ no _dna X = yes,lgc code,family,genus,species,Ehsan box,extraction code,LabCode,Brief.Location,State.Country,latitude,Longitude,Host.plant.speceis,Host.plant.genus,Host.plant.family,Wolbachia,Rickettsia,Cardinium, Spiroplasma,Hamiltonella,Other,completed,16s metabarcoding,ng/ul DNA,diluted
,,LGC00811,Coccidae,Cryptes,Cryptes baccatus,3,Cb.NSW2,LGC00811,"Stuarts Point, NSW",NSW,-34.3721,118.0767,Acacia longifolia,Acacia,Fabaceae,1,1,0,0,0,NA,5,y,,
,,E4587,Pseudococcidae,Nipaecoccus,Nipaecoccus viridis,,Nv.Qld1.1,E4587,"Weipa, Qld",Qld,-12.64006,141.857597,Hibiscus sp,Hibiscus,Malvaceae,1,0,0,0,0,NA,5,,,
,,E4657,Pseudococcidae,Phenacoccus,Phenacoccus solenopsis,,Ps.Qld1.1,E4657,"Weipa, Qld",Qld,-12.64006,141.857597,Hibiscus sp,Hibiscus,Malvaceae,0,0,0,0,0,NA,5,,,
,,E4682,Pseudococcidae,Nipaecoccus,Nipaecoccus viridis,,Nv.Qld2.1,E4682,"Weipa, Qld",Qld,-12.64006,141.857597,Hibiscus sp,Hibiscus,Malvaceae,0,0,0,0,0,NA,5,,,
,,E4688,Pseudococcidae,Palmicultor,Ferrisia virgata,,Pb.Qld3.1,E4688,"Cape York, Qld",Qld,-10.702888,142.529849,Eugenia uniflora,Eugenia,Myrtaceae,0,0,0,0,0,NA,5,,,
,,E4704,Pseudococcidae,Maconellicoccus,Maconellicoccus hirsutus,,Mh.Qld2.1,E4704,"Weipa, Qld",Qld,-12.64006,141.857597,Hibiscus sp,Hibiscus,Malvaceae,1,0,0,0,0,NA,5,,,
,,E4711,Pseudococcidae,Maconellicoccus,Maconellicoccus hirsutus,,Mh.Qld3.1,E4711,"Weipa, Qld",Qld,-12.64006,141.857597,Hibiscus sp,Hibiscus,Malvaceae,1,0,0,0,0,NA,5,,,
,,E4802,Pseudococcidae,Phenacoccus,Phenacoccus solenopsis,,Ps.Qld2.1,E4802,"Cape York, Qld",Qld,-10.702888,142.529849,Unknown,Unknown,Unknown,0,0,0,0,0,NA,5,,,
,,E4804,Monophlebidae,Icerya,Icerya aegyptiaca,,Ia.QLD1.1,E4804,"Cape York, Qld",Qld,-10.702888,142.529849,Croton sp,Croton,Euphorbiaceae,0,0,0,0,0,NA,5,,,
,,E4806,Pseudococcidae,Palmicultor,Palmicultor browni,,Pb.Qld1.1,E4806,"Weipa, Qld",Qld,-12.64006,141.857597,Hibiscus sp,Hibiscus,Malvaceae,0,0,0,0,0,NA,5,,,
,,E4815,Pseudococcidae,Palmicultor,Palmicultor browni,,Pb.Qld2.1,E4815,"Cape York, Qld",Qld,-10.702888,142.529849,Chrysalidocarpus lutescens,Chrysalidocarpus,Arecaceae,1,0,0,0,0,morenella,5,,,
,,E4819C,Coccidae,Coccus,Coccus longulus,,Cl.Qld5.1,E4819C,"Cape York, Qld",Qld,-10.702888,142.529849,Macaranga sp,Macaranga,Euphorbiaceae,0,0,0,0,0,NA,5,,,
,,LGC00009,Eriococcidae,Cylindrococcus,Cylindrococcus spiniferus,,Cs.Qld1,LGC00009,"Jervis Bay, ACT",ACT,-35.12975,150.7553889,Allocasuarina distyla,Allocasuarina,Casuarinaceae,0,0,0,0,0,NA,5,,,
,,LGC00066,Eriococcidae,Opisthoscelis,Opisthoscelis subrotunda,,Os.NSW1,LGC00066,"Hidden Valley, Qld",Qld,-19.01538889,146.1158611,Eucalyptus resinfera,Eucalyptus,Myrtaceae,0,0,0,0,0,NA,5,,,
,,LGC00072,Eriococcidae,Tanyscelis,Tanyscelis maskelli,,Tm.Qld1,LGC00072,"Sarina, Qld",Qld,-24.65327778,149.6876111,Eucalyptus melanophloia,Eucalyptus,Myrtaceae,0,0,0,0,0,NA,5,,,
,,LGC00076,Eriococcidae,Tanyscelis,Tanyscelis convexa,,Tc.NSW1,LGC00076,"Moura, Qld",Qld,-24.65327778,149.6876111,Eucalyptus cambageana,Eucalyptus,Myrtaceae,0,0,0,0,0,NA,5,,,
,,LGC00080,Eriococcidae,Tanyscelis,Tanyscelis convexa,,Tc.Qld1,LGC00080,"Blackman Gap, Qld",Qld,-24.44461111,151.4362778,Eucalyptus siderophloia,Eucalyptus,Myrtaceae,0,0,0,0,0,NA,5,,,
,,LGC00084,Eriococcidae,Ascelis,Ascelis praemollis,,Ap.Qld1,LGC00084,"Stuarts Point, NSW",NSW,-30.850137,152.996424,Corymbia intermedia,Corymbia,Myrtaceae,0,1,0,0,0,NA,5,,,
,,LGC00088,Eriococcidae,Callococcus,Callococcus leptospermi s.s.,,Cle.NSW1,LGC00088,"Morton NP, NSW",NSW,-35.11077778,150.3313889,Leptospermum subglabratum,Leptospermum,Myrtaceae,0,1,0,0,0,NA,5,,,
,,LGC00089,Eriococcidae,Cylindrococcus,Cylindrococcus spiniferus,,Csp.Qld2,LGC00089,"Morton NP, NSW",NSW,-35.11077778,150.3313889,Allocasuarina littoralis,Allocasuarina,Casuarinaceae,0,0,0,0,0,NA,5,,,
,,LGC00113,Eriococcidae,Cylindrococcus,Cylindrococcus spiniferus,,Csp.NSW1,LGC00113,"Railton, Tas",Tas,-41.36563889,146.4544722,Allocasuarina littoralis,Allocasuarina,Casuarinaceae,0,0,0,0,0,NA,5,,,
,,LGC00116,Eriococcidae,Cylindrococcus,Cylindrococcus spiniferus,,Csp.NSW2,LGC00116,"Rocky Cape NP, Tas",Tas,-40.86261111,145.5051944,Allocasuarina monilifera,Allocasuarina,Casuarinaceae,0,0,0,0,0,NA,5,,,
,,LGC00120,Eriococcidae,Callococcus,Callococcus leptospermi PF,,Cle.Tas2,LGC00120,"Cape NP, Tas",Tas,-40.87388889,145.4891667,Leptospermum scoparium,Leptospermum,Myrtaceae,0,0,0,0,0,NA,5,,,
,,LGC00133,Eriococcidae,Callococcus,Callococcus leptospermi PF,,Cle.Tas3,LGC00133,"Dover, Tas",Tas,-43.32536111,146.9889167,Leptospermum scoparium,Leptospermum,Myrtaceae,0,0,0,0,0,NA,5,,,
,,LGC00142,Eriococcidae,Cylindrococcus,Cylindrococcus casuarinae,,Cca.Vic1,LGC00142,"Bellarine, Vic",Vic,-38.134319,144.622139,Allocasuarina sp,Allocasuarina,Casuarinaceae,0,0,0,0,0,NA,5,,,
,,LGC00143,Eriococcidae,Callococcus,Callococcus leptospermi PF,,Cle.NSW2,LGC00143,"Adaminaby, NSW",NSW,-36,148.6666667,Leptospermum scoparium,Leptospermum,Myrtaceae,1,0,0,0,0,NA,5,,,
,,LGC00160,Eriococcidae,Madarococcus,Madarococcus pulchellus,,Mpu.Qld2,LGC00160,"Lewis Pass, NZ",NZ,-42.538131,172.372493,Nothofagus solandri,Nothofagus,Nothofagaceae,0,0,0,1,0,NA,5,,,
,,LGC00162,Eriococcidae,Madarococcus,Madarococcus papillosus,,Mp.Qld1,LGC00162,"Kahurangi NP, NZ",NZ,-41.03611111,172.8994444,Nothofagus menziesii,Nothofagus,Nothofagaceae,0,0,0,0,0,NA,5,,,
,,LGC00164,Eriococcidae,Madarococcus,Madarococcus intermedius,,Mi.NSW1,LGC00164,"Mai Mai Valley Rd, NZ",NZ,-42.04305556,171.785,Nothofagus menziesii,Nothofagus,Nothofagaceae,0,0,0,1,0,NA,5,,,
,,LGC00226,Eriococcidae,Cylindrococcus,Cylindrococcus spiniferus,,Csp.NSW3,LGC00226,"Rawanning, WA",WA,-30.36347222,116.6909167,Allocasuarina sp,Allocasuarina,Casuarinaceae,0,0,0,0,0,NA,5,,,
,,LGC00228,Eriococcidae,Callococcus,Callococcus leptospermi WNP,,Cle.WA1,LGC00228,"Wongan Hills, WA",WA,-30.86347222,116.6909167,Leptospermum oligandrum,Leptospermum,Myrtaceae,0,0,0,0,0,NA,5,,,
,,LGC00295,Eriococcidae,Cystococcus,Cystococcus pomiformis,,Ce.Qld4,LGC00295,"Alice Springs, NT",NT,-23.70619444,133.8367222,Corymbia terminalis,Corymbia,Myrtaceae,1,0,0,0,0,NA,5,,,
,,LGC00297,Eriococcidae,Cystococcus,Cystococcus pomiformis,,Ce.NSW1,LGC00297,"West MacDonald Ranges, NT",NT,-23.725545,133.468449,Corymbia eremea,Corymbia,Myrtaceae,1,0,0,0,0,NA,5,,,
,,LGC00299,Coccidae,Austrotachardia,Austrotachardia acaciae,,Aca.Tas1,LGC00299,"Alice Springs, NT",NT,-23.70619444,133.8367222,Unknown,Unknown,Unknown,0,0,0,0,0,NA,5,,,
,,LGC00308,Eriococcidae,Cylindrococcus,Cylindrococcus spiniferus,,Csp.Tas1,LGC00308,"South West Rocks, NSW",NSW,-30.90763889,153.0376111,Allocasuarina littoralis,Allocasuarina,Casuarinaceae,0,0,0,0,0,NA,5,,,
,,LGC00314,Eriococcidae,Eremococcus,Eremococcus pirogallis,,Ep.NSW1,LGC00314,"Stuarts Point, NSW",NSW,-30.816472,152.993128,Leptospermum sp,Leptospermum,Myrtaceae,0,1,0,0,0,NA,5,,,
,,LGC00331,Eriococcidae,Callococcus,Callococcus leptospermi PF,,Cle.NSW3,LGC00331,"Clyde Mt, NSW",NSW,-35.55430556,149.9484167,Leptospermum thompsonii,Leptospermum,Myrtaceae,0,0,0,0,0,NA,5,,,
,,LGC00333,Eriococcidae,Eremococcus,Eremococcus pirogallis,,Ep.NSW2,LGC00333,"Clyde Mtn, NSW",NSW,-35.55430556,149.9484167,Leptospermum polygalifolium,Leptospermum,Myrtaceae,0,0,0,0,0,NA,5,,,
,,LGC00335,Eriococcidae,Cylindrococcus,Cylindrococcus spiniferus,,Csp.Tas2,LGC00335,"Mimosa Rocks, NSW",NSW,-36.625882,149.987734,Allocasuarina littoralis,Allocasuarina,Casuarinaceae,0,0,0,0,0,NA,5,,,
NO DNA ,,LGC00361=Klondyke1,Eriococcidae,Madarococcus,Madarococcus cavelli,,Mc.NSW1,LGC00361=Klondyke1,"Klondyke Corner, NZ",NZ,-42.996069,171.587981,Nothofagus solandri,Nothofagus,Nothofagaceae,0,0,0,0,0,NA,5,,,
,,LGC00367,Eriococcidae,Cylindrococcus,Cylindrococcus spiniferus,,Csp.NSW4,LGC00367,"Jervis Bay, ACT",ACT,-35.12975,150.7553889,Allocasuarina distyla,Allocasuarina,Casuarinaceae,0,0,0,0,0,NA,5,,,
,,LGC00416,Diaspididae,Maskellia,Maskellia sp1,,Mas.Tas1,LGC00416,"Balladonia, WA",WA,-33.36472222,123.3930556,Eucalyptus gracilis,Eucalyptus,Myrtaceae,0,0,0,0,0,NA,5,,,
,,LGC00449,Eriococcidae,Callococcus,Callococcus pulchellus,,Cpu.WA2,LGC00449,"Stirling Range, WA",WA,-34.30694,118.0255556,Hypocalymma sp,Hypocalymma,Myrtaceae,0,1,0,0,0,NA,5,,,
,,LGC00460,Eriococcidae,Callococcus,Callococcus leptospermi WNP,,Cle.WA4,LGC00460,"Darling Range NP, WA",WA,-31.93752778,116.0546667,Leptospermum erubescens,Leptospermum,Myrtaceae,0,0,0,0,0,NA,5,,,
,,LGC00516.1,Eriococcidae,Eremococcus,Eremococcus sp. nov,,,LGC00516.1,"Lake Magenta Rd, WA",WA,-33.58305556,119.2525,Leptospermum sp,Leptospermum,Myrtaceae,0,0,0,0,0,NA,5,,,
,,LGC00516.2,Eriococcidae,Eremococcus,Eremococcus sp. nov,,,LGC00516.2,"Lake Magenta Rd, WA",WA,-33.58305556,119.2525,Leptospermum sp,Leptospermum,Myrtaceae,0,0,0,0,0,NA,5,,,
,,LGC00492,Eriococcidae,Callococcus,Callococcus leptospermi WNP,,Cle.WA5,LGC00492,"Narrogin, WA",WA,-33.29972222,117.3247222,Leptospermum erubescens,Leptospermum,Myrtaceae,0,0,0,0,0,NA,5,,,
,,LGC00531,Diaspididae,Maskellia,Maskellia sp2,,Mas.Vic2,LGC00531,"Ouyen, Vic",Vic,-35.05777778,142.8086111,Eucalyptus calycogona,Eucalyptus,Myrtaceae,0,0,0,0,0,NA,5,,,
,,LGC00551,Coccidae,Austrolecanium,Austrolecanium sassafras,,Asas.NSW1,LGC00551,"Dorrigo NP, NSW",NSW,-30.363628,152.729753,Doryphora sassafras,Doryphora,Atherospermataceae,0,0,0,0,0,NA,5,,,
,,LGC00557,Eriococcidae,Callococcus,Callococcus leptospermi PF,,Cle.NSW4,LGC00557,"Gibralt, NSW",NSW,-29.54305556,152.2641667,Leptospermum novae-angliae,Leptospermum,Myrtaceae,0,0,0,0,0,NA,5,,,
,,LGC00561,Eriococcidae,Sphaerococcus,Sphaerococcus ferrugineus,,Sf.NT3,LGC00561,"Moonee Beach Caravan Park, NSW",Qld,-30.21305556,153.1547222,Melaleuca quinquenervia,Melaleuca,Myrtaceae,0,0,0,0,0,NA,5,,,
,,LGC00564,Eriococcidae,Callococcus,Callococcus leptospermi PF,,Cle.NSW5,LGC00564,"Ranger Station, NSW",NSW,-29.52583333,152.2891667,Leptospermum sp,Leptospermum,Myrtaceae,0,0,0,0,0,NA,5,,,
,,LGC00570,Eriococcidae,Sphaerococcus,Sphaerococcus ferrugineus,,Sf.NSW2,LGC00570,"Stuarts Point, NSW",NSW,-30.85572,152.996529,Melaleuca quinquenervia,Melaleuca,Myrtaceae,0,0,0,0,0,NA,5,,,
,,LGC00574,Eriococcidae,Cylindrococcus,Cylindrococcus spiniferus,,Csp.WA2,LGC00574,"Clair NP, Tas",Tas,-41.66666667,145.95,Allocasuarina zephyra,Allocasuarina,Casuarinaceae,0,0,0,0,0,NA,5,,,
,,LGC00591,Eriococcidae,Sphaerococcus,Sphaerococcus ferrugineus,,Sf.NSW3,LGC00591,"Coffs Harbour Airport, NSW",NSW,-30.3,153.1166667,Melaleuca quinquenervia,Melaleuca,Myrtaceae,0,0,1,0,0,NA,5,,,
,,LGC00596,Eriococcidae,Madarococcus,Madarococcus cavelli,,Mc.NSW2,LGC00596,"Christchurch, NZ",NZ,-43.497843,172.546415,Nothofagus fusca,Nothofagus,Nothofagaceae,0,0,0,0,0,NA,5,,,
,,LGC00623,Eriococcidae,Sphaerococcus,Sphaerococcus ferrugineus,,Sf.NSW4,LGC00623,"Homestead, Qld",Qld,-20.28186111,145.789,Melaleuca fluviatilis ,Melaleuca,Myrtaceae,0,1,1,0,0,NA,5,,,
,,LGC00624,Eriococcidae,Sphaerococcus,Sphaerococcus ferrugineus,,Sf.NT4,LGC00624,Little Saltwater Ck,Qld,-19.90277778,146.5886111,Melaleuca leucadendra,Melaleuca,Myrtaceae,1,0,0,0,0,NA,5,,,
,,LGC00625,Eriococcidae,Sphaerococcus,Sphaerococcus ferrugineus,,Sf.NT5,LGC00625,"Townsville, Qld",Qld,-19.18991667,146.5670278,Melaleuca viridiflora,Melaleuca,Myrtaceae,0,0,0,0,0,NA,5,,,
,,LGC00633,Eriococcidae,Sphaerococcus,Sphaerococcus ferrugineus,,Sf.Qld1,LGC00633,"Cooktown, Qld",Qld,-15.53716667,145.2358333,Melaleuca saligna,Melaleuca,Myrtaceae,1,0,0,0,0,NA,5,,,
,,LGC00634,Eriococcidae,Sphaerococcus,Sphaerococcus ferrugineus,,Sf.Qld2,LGC00634,"Cooktown, Qld",Qld,-15.53716667,145.2358333,Melaleuca viridiflora,Melaleuca,Myrtaceae,1,0,1,0,0,NA,5,,,
,,LGC00636,Eriococcidae,Sphaerococcus,Sphaerococcus ferrugineus,,Sf.Qld3,LGC00636,"Hann River Roadhouse, Qld",Qld,-15.00416667,143.6328611,Melaleuca stenostachya,Melaleuca,Myrtaceae,0,0,0,0,0,NA,5,,,
,,LGC00638,Eriococcidae,Sphaerococcus,Sphaerococcus ferrugineus,,Sf.Qld4,LGC00638,"Iron Range NP, Qld",Qld,-12.90713889,143.01875,Melaleuca viridiflora,Melaleuca,Myrtaceae,1,0,0,0,0,NA,5,,,
,,LGC00643,Eriococcidae,Sphaerococcus,Sphaerococcus ferrugineus,,Sf.Qld5,LGC00643,"Iron Range NP, Qld",Qld,-12.71166667,143.3225,Melaleuca stenostachya,Melaleuca,Myrtaceae,0,1,0,0,0,NA,5,,,
,,LGC00644,Eriococcidae,Sphaerococcus,Sphaerococcus ferrugineus,,Sf.Qld6,LGC00644,"Iron Range NP, Qld",Qld,-12.71166667,143.3225,Melaleuca stenostachya,Melaleuca,Myrtaceae,0,0,0,0,0,NA,5,,,
,,LGC00646,Eriococcidae,Callococcus,Callococcus leptospermi FNQ,,Cle.Qld1,LGC00646,"Lockhart River, Qld",Qld,-12.73888889,143.2204444,Leptospermum sp,Leptospermum,Myrtaceae,0,0,0,0,0,NA,5,,,
,,LGC00650,Eriococcidae,Sphaerococcus,Sphaerococcus ferrugineus,,Sf.Qld7,LGC00650,"Bramwell Junction, Qld",Qld,-11.84044444,142.5016667,Melaleuca viridiflora,Melaleuca,Myrtaceae,1,0,0,0,0,NA,5,,,
,,LGC00653,Eriococcidae,Sphaerococcus,Sphaerococcus ferrugineus,,Sf.Qld8,LGC00653,"Bamaga, Qld",Qld,-10.95944444,142.4613889,Melaleuca saligna,Melaleuca,Myrtaceae,1,1,0,0,0,NA,5,,,
,,LGC00663,Eriococcidae,Sphaerococcus,Sphaerococcus ferrugineus,,Sf.Qld9,LGC00663,"Iron Range NP, Qld",Qld,-12.72388889,143.1938889,Melaleuca viridiflora,Melaleuca,Myrtaceae,1,0,0,0,0,NA,5,,,
,,LGC00693,Eriococcidae,Eremococcus,Eremococcus pirogallis,,Ep.Qld1,LGC00693,"Girraween, Qld",Qld,-28.87713889,151.9681389,Leptospermum sp,Leptospermum,Myrtaceae,0,0,0,0,0,NA,5,,,
,,LGC00706,Eriococcidae,Callococcus,Callococcus leptospermi bg,,Cle.Qld2,LGC00706,"Girraween NP, Qld",Qld,-28.83611111,151.9375,Leptospermum brachyandrum,Leptospermum,Myrtaceae,0,0,0,0,0,NA,5,,,
,,LGC00707,Eriococcidae,Eremococcus,Eremococcus pirogallis,,Ep.Qld3,LGC00707,"Girraween, Qld",Qld,-28.83611111,151.9375,Leptospermum novae-angliae,Leptospermum,Myrtaceae,0,1,0,0,0,NA,5,,,
,,LGC00708,Eriococcidae,Sphaerococcus,Sphaerococcus ferrugineus,,Sf.Qld10,LGC00708,"Girraween NP, Qld",Qld,-28.83611111,151.9375,Melaleuca pallida,Melaleuca,Myrtaceae,0,0,0,0,0,NA,5,,,
,,LGC00713,Eriococcidae,Cylindrococcus,Cylindrococcus spiniferus,,Csp.Qld3,LGC00713,"Gibraltor Range, NSW",NSW,-29.52027778,152.3672222,Allocasuarina torulosa,Allocasuarina,Casuarinaceae,0,0,0,0,0,NA,5,,,
,,LGC00717,Eriococcidae,Eremococcus,Eremococcus pirogallis,,Ep.NSW3,LGC00717,"South West Rocks, NSW",NSW,-30.890371,153.047454,Leptospermum sp,Leptospermum,Myrtaceae,0,1,0,0,0,NA,5,,,
,,LGC00729,Eriococcidae,Cylindrococcus,Cylindrococcus casuarinae,,Cca.WA1,LGC00729,"Newman Rocks, WA",WA,-32.11638889,123.1688889,Casuarina sp,Casuarina,Casuarinaceae,0,0,0,0,0,NA,5,,,
,,LGC00732,Eriococcidae,Sphaerococcus,Sphaerococcus ferrugineus,,Sf.NSW1,LGC00732,"Ballina, NSW",NSW,-29.19583333,153.2725,Melaleuca quinquenervia,Melaleuca,Myrtaceae,0,0,0,0,0,NA,5,,,
,,LGC00735=Mas_nig,Diaspididae,Maskellia,Maskellia nigra,,Mn.WA1,LGC00735=Mas_nig,"Mt Coot-tha, Qld",Qld,-27.476159,152.97638,Eucalyptus sp,Eucalyptus,Myrtaceae,0,0,0,0,0,NA,5,,,
,,LGC00765,Eriococcidae,Sphaerococcus,Sphaerococcus ferrugineus,,Sf.NT1,LGC00765,"Edith Falls, NT",NT,-14.18111111,132.1936111,Melaleuca leucadendra,Melaleuca,Myrtaceae,1,0,0,0,0,NA,5,,,
,,LGC00767,Eriococcidae,Sphaerococcus,Sphaerococcus ferrugineus,,Sf.NT2,LGC00767,"Lambells Lagoon Rd, NT",NT,-12.56913889,131.2378889,Melaleuca viridiflora,Melaleuca,Myrtaceae,0,0,0,0,0,NA,5,,,
,,LGC00768,Eriococcidae,Sphaerococcus,Sphaerococcus ferrugineus,,Sf.Qld11,LGC00768,"Iron Range NP, Qld",NT,-12.73777778,132.7663889,Melaleuca leucadendra,Melaleuca,Myrtaceae,0,0,0,0,0,NA,5,,,
,,LGC00771,Eriococcidae,Sphaerococcus,Sphaerococcus ferrugineus,,Sf.Qld12,LGC00771,"Kakadu NP, NT",NT,-12.5825,132.875,Melaleuca sp,Melaleuca,Myrtaceae,1,0,0,0,0,NA,5,,,
,,LGC00772,Eriococcidae,Sphaerococcus,Sphaerococcus ferrugineus,,Sf.Qld13,LGC00772,"Kakadu NP, NT",NT,-12.51861111,132.9097222,Melaleuca nervosa,Melaleuca,Myrtaceae,0,0,0,0,0,NA,5,,,
,,LGC00782=phena1,Phenacoleachiidae,Phenacoleachia,Phenacoleachia zealandica,,Pz.NT1,LGC00782=phena1,"Lake Rotoiti, NZ",NZ,-41.8,172.8666667,Nothofagus fusca,Nothofagus,Nothofagaceae,0,0,0,0,0,NA,5,,,
,,LGC00796,Coccidae,Cryptes,Cryptes baccatus,,Cb.Qld6,LGC00796,"Girraween, Qld",Qld,-35.276,149.1193,Prunus sp,Prunus,Rosaceae,0,0,0,0,0,NA,5,y,,
,,LGC00797,Eriococcidae,Callococcus,Callococcus acaciae,,Ca.Qld1,LGC00797,"Girraween, Qld",Qld,-28.832193,151.975931,Kunzea sp,Kunzea,Myrtaceae,0,0,0,0,0,NA,5,,,
,,LGC00801,Eriococcidae,Cylindrococcus,Cylindrococcus casuarinae,,Cca.NT1,LGC00801,"South Durras, NSW",NSW,-35.649984,150.291697,Allocasuarina verticillata,Allocasuarina,Casuarinaceae,0,0,0,0,0,NA,5,,,
,,LGC00802,Eriococcidae,Cylindrococcus,Cylindrococcus spiniferus,,Csp.Qld4,LGC00802,"South Durras, NSW",NSW,-35.65,150.2833333,Allocasuarina littoralis,Allocasuarina,Casuarinaceae,0,0,0,0,0,NA,5,,,
,,LGC00805,Eriococcidae,Sphaerococcus,Sphaerococcus ferrugineus,,Sf.Qld14,LGC00805,"Broadwater NP, NSW",NSW,-27.46277778,152.9822222,Melaleuca quinquenervia,Melaleuca,Myrtaceae,0,0,0,0,0,NA,5,,,
,,LGC00808,Eriococcidae,Cylindrococcus,Cylindrococcus spiniferus,,Csp.Qld5,LGC00808,"Coffs Harbour Airport, NSW",NSW,-30.3,153.1166667,Allocasuarina sp,Allocasuarina,Casuarinaceae,0,1,0,0,0,NA,5,,,
,,LGC01147,Coccidae,Ceronema,Ceronema caudatum,3,Cc.Qld3.1,LGC01147,"Karawatha Forest, Qld",Qld,-27.625179,153.067969,Acacia sp,Acacia,Fabaceae,0,0,0,0,0,NA,5,,,
,,LGC00812,Eriococcidae,Cylindrococcus,Cylindrococcus spiniferus,,Csp.Qld6,LGC00812,"Fishermans Reach, NSW",NSW,-30.862178,152.992061,Allocasuarina sp,Allocasuarina,Casuarinaceae,0,1,0,0,0,NA,5,,,
,,LGC00824,Eriococcidae,Callococcus,Callococcus acaciae,,Ca.NSW1,LGC00824,"Burrawang, NSW",NSW,-35.8278,150.2123,Kunzea ambigua,Kunzea,Myrtaceae,0,0,0,1,0,NA,5,,,
,,LGC00831,Coccidae,Austrolecanium,Austrolecanium cryptocaryae,,Ac.VIC1,LGC00831,"D'Aguilar NP, Qld",Qld,-27.33,152.754,Cryptocarya microneura,Cryptocarya,Lauraceae,0,0,0,0,0,NA,5,,,
,,LGC00847,Eriococcidae,Cystococcus,Cystococcus campanidorsalis,,Ccam.Qld1,LGC00847,"Crows Nest NP, Qld",Qld,-27.2599,152.1172,Corymbia trachyphloia,Corymbia,Myrtaceae,1,0,0,0,0,NA,5,,,
,,LGC00869,Coccidae,Cryptes,Cryptes baccatus,,Cb.Qld7,LGC00869,"Benarkin State Forest, Qld",Qld,-26.893436,152.172897,Acacia sp,Acacia,Fabaceae,1,0,0,0,0,NA,5,,,
,,LGC00874,Eriococcidae,Callococcus,Callococcus leptospermi s.s.,,Cle.Qld3,LGC00874,"Nathan, Qld",Qld,-27.55362,153.053333,Leptospermum trinervium,Leptospermum,Myrtaceae,0,0,0,0,0,NA,5,,,
,,LGC00875,Eriococcidae,Eremococcus,Eremococcus pirogallis,,Ep.Qld4,LGC00875,"Nathan, Qld",Qld,-27.55362,153.053333,Leptospermum sp,Leptospermum,Myrtaceae,0,0,0,0,0,NA,5,,,
,,LGC00876,Diaspididae,Maskellia,Maskellia sp3,,Mas.Qld3,LGC00876,"Benarkin State Forest, Qld",Qld,-26.893436,152.172897,Eucalyptus microcorys,Eucalyptus,Myrtaceae,0,0,0,0,0,NA,5,,,
,,LGC00892,Eriococcidae,Cystococcus,Cystococcus campanidorsalis,,Ccam.Qld3,LGC00892,"Benarkin, Qld",Qld,-26.85777783,152.15,Corymbia trachyphloia,Corymbia,Myrtaceae,0,0,0,0,0,NA,5,,,
,,LGC00894,Eriococcidae,Callococcus,Callococcus leptospermi PF,,Cle.NSW6,LGC00894,"Woodburn, NSW",NSW,-29.023832,153.417748,Leptospermum liversidgei,Leptospermum,Myrtaceae,0,0,0,0,0,NA,5,,,
,,LGC00921,Eriococcidae,Apiomorpha,Apiomorpha rosaeformis,,,LGC00921,"Beerwah, Qld",Qld,-26.856111,152.986944,Eucalyptus racemosa,Eucalyptus ,Myrtaceae,1,0,0,1,0,NA,5,,,
,,LGC00919,Eriococcidae,Callococcus,Callococcus leptospermi PF,,Cle.Qld4,LGC00919,"Beerwah, Qld",Qld,-26.85611111,152.9869444,Leptospermum polygalifolium,Leptospermum,Myrtaceae,0,0,0,0,0,NA,5,,,
,,LGC00932,Eriococcidae,Sphaerococcus,Sphaerococcus froggatti,,Sf.Qld15,LGC00932,"Cape Hillsborough NP, Qld",Qld,-27.59497222,152.99575,Melaleuca decora,Melaleuca,Myrtaceae,0,0,0,0,0,NA,5,,,
,,LGC00946,Eriococcidae,Callococcus,Callococcus leptospermi s.s.,,Cle.SA1,LGC00946,"Adelaide Hills, SA",SA,-35.05805556,138.7152778,Leptospermum myrsinoides,Leptospermum,Myrtaceae,0,0,0,0,0,NA,5,,,
,,LGC00950,Coccidae,Cryptes,Cryptes baccatus,,Cb.SA1,LGC00950,"Morialta, SA",SA,-34.904812,138.707039,Acacia sp,Acacia,Fabaceae,1,0,0,0,0,NA,5,y,,
,,LGC00971,Eriococcidae,Callococcus,Callococcus acaciae,,Ca.WA1,LGC00971,"Sandford Rocks, WA",WA,-31.23916667,118.7546944,Kunzea sp,Kunzea,Myrtaceae,0,0,0,0,0,NA,5,,,
,,LGC00973,Eriococcidae,Callococcus,Callococcus pulchellus,,Cpu.WA3,LGC00973,"Wandoo NP, WA",WA,-31.892873,116.558593,Astartea affinis,Astartea,Myrtaceae,0,0,0,0,0,NA,5,,,
,,LGC00981,Eriococcidae,Callococcus,Callococcus acaciae,,Ca.WA2,LGC00981,"Sandford Rocks, WA",WA,-33.85913889,115.0199722,Kunzea sp,Kunzea,Myrtaceae,1,0,0,0,0,NA,5,,,
,,LGC00982,Cerococcidae,Cerococcid,Cerococcid sp,,Cero.WA1,LGC00982,"Dunsborough, WA",WA,-33.85913889,115.0199722,Kunzea glabrescens,Kunzea,Myrtaceae,0,0,0,0,0,NA,5,,,
,,LGC00992,Eriococcidae,Callococcus,Callococcus pulchellus,,Cpu.WA5,LGC00992,"Nornalup, WA",WA,-34.99361,116.8140833,Hypocalymma strictum,Hypocalymma,Myrtaceae,1,0,1,1,0,NA,5,,,
,,LGC01000,Eriococcidae,Callococcus,Callococcus acaciae,,Ca.WA5,LGC01000,"Stirling Range, WA",WA,-34.3725,118.2577778,myrtle sp,myrtle,Myrtaceae,0,0,0,0,0,NA,5,,,
,,LGC01005,Eriococcidae,Callococcus,Callococcus leptospermi WNP,,Cle.WA6,LGC01005,"Westonia, WA",WA,-31.23916667,118.7546944,Leptospermum roei,Leptospermum,Myrtaceae,0,0,0,0,0,NA,5,,,
,,LGC01028,Eriococcidae,Callococcus,Callococcus pulchellus,,Cpu.WA4,LGC01028,"Kamballup, WA",WA,-34.57880556,117.99025,myrtle sp,myrtle,Myrtaceae,0,0,0,0,0,NA,5,,,
,,LGC01035,Coccidae,Ceronema,Ceronema dryandrae,,Cd.WA5.1,,"Ravensthorpe, WA",WA,-33.523,119.0751,Banksia sp,Banksia,Proteaceae,0,0,0,0,0,NA,5,,,
,,LGC01042,Eriococcidae,Callococcus,Callococcus acaciae,,Ca.WA6,LGC01042,"Bremer Bay, WA",WA,-34.39769444,119.3806667,Kunzea sp,Kunzea,Myrtaceae,0,0,0,0,0,NA,5,,,
,,LGC01060,Eriococcidae,Apiomorpha,Apiomorpha pileata N,,,LGC01060,"Taree, NSW",NSW,-31.946333,152.438139,Eucalyptus stringybark,Eucalyptus,Myrtaceae,0,0,0,0,0,NA,5,,,
,,LGC01061.1,Eriococcidae,Cylindrococcus,Cylindrococcus,,,LGC01061.1,"Sapling Creek, NSW",NSW,-31.53416667,152.7874444,Allocasuarina sp,Allocasuarina,Casuarinaceae,0,0,0,0,0,NA,5,,,
,,LGC01061.2,Eriococcidae,Cylindrococcus,Cylindrococcus,,,LGC01061.2,"Sapling Creek, NSW",NSW,-31.53416667,152.7874444,Allocasuarina sp,Allocasuarina,Casuarinaceae,0,0,0,0,0,NA,5,,,
,,LGC01063.1,Eriococcidae,Eriococcus,Eriococcus confusus,,,LGC01063.1,"Tenterfield, NSW",NSW,-29.60138889,151.8708333,Eucalyptus sp,Eucalyptus,Myrtaceae,0,0,0,0,0,NA,5,,,
,,LGC01063.2,Eriococcidae,Eriococcus,Eriococcus confusus,,,LGC01063.2,"Tenterfield, NSW",NSW,-29.60138889,151.8708333,Eucalyptus sp,Eucalyptus,Myrtaceae,0,0,0,0,0,NA,5,,,
,,LGC01047,Eriococcidae,Callococcus,Callococcus leptospermi WNP,,Cle.WA7,LGC01047,"Stirling Range NP, WA",WA,-34.31670556,118.1904778,Leptospermum oligoandrum,Leptospermum,Myrtaceae,0,0,0,0,0,NA,5,,,
,,LGC01064,Eriococcidae,Callococcus,Callococcus leptospermi PF,,Cle.NSW7,LGC01064,"Dungog, NSW",NSW,-32.362,151.8983,Leptospermum argenteum,Leptospermum,Myrtaceae,0,0,0,0,0,NA,5,,,
,,LGC01065,Eriococcidae,Callococcus,Callococcus leptospermi PF,,Cle.NSW8,LGC01065,"Dungog, NSW",NSW,-32.362,151.8983,Leptospermum sp,Leptospermum,Myrtaceae,0,0,0,0,0,NA,5,,,
,,LGC01106,Eriococcidae,Apiomorpha,Apiomorpha pharetrata,,,lgc01106,Australia,NSW,-35.8129,150.1788,Eucalyptus globoidea,Eucalyptus,Myrtaceae,1,0,0,0,0,NA,5,,,
,,LGC01078,Pseudococcidae,Ferrisia,Ferrisia virgata,,Fv.NT1,LGC01078,Jamaica,Jamaica,18.177534, -77.201685,Acalypha sp,Acalypha,Euphorbiaceae,0,0,0,0,0,NA,5,,,
,,LGC01121,Eriococcidae,Eremococcus,Eremococcus pirogallis,,Ep.NSW4,LGC01121,"Lake Cathie, NSW",NSW,-31.554505,152.848749,Leptospermum sp,Leptospermum,Myrtaceae,0,0,0,0,0,NA,5,,,
,,LGC01123,Eriococcidae,Callococcus,Callococcus leptospermi,,Cle.NSW10,LGC01123,"Lake Cathie, NSW",NSW,-31.554505,152.848749,Leptospermum liversidgei,Leptospermum,Myrtaceae,0,0,0,0,0,NA,5,,,
,,LGC01124,Eriococcidae,Callococcus,Callococcus acaciae,,Ca.ACT,LGC01124,"O'Connor, ACT",ACT,-35.2559,149.1149,Kunzea ericoides,Kunzea,Myrtaceae,0,0,0,0,0,NA,5,,,
,,NA,Eriococcidae,Eriococcus,Eriococcus coriaceus,3,E.coriaceusUQ1,E.coriaceusUQ1,"St Lucia, Qld",Qld,-27.4979,153.0109,Unknown,Unknown,Unknown,1,0,0,0,0,NA,5,,,
,,LGC01162,Eriococcidae,Sphaerococcus,Sphaerococcus ferrugineus,,Sf.NSW5,LGC01162,"Karawatha Forest, Qld",Qld,-27.62681389,153.0897639,Melaleuca quinquenervia,Melaleuca,Myrtaceae,0,0,0,0,0,NA,5,,,
,,LGC01168,Eriococcidae,Callococcus,Callococcus acaciae,,Ca.NSW2,LGC01168,"Bald Rock, NSW",NSW,-28.85222222,152.0419444,Kunzea sp,Kunzea,Myrtaceae,0,0,0,0,0,NA,5,,,
,,LGC01169,Eriococcidae,Callococcus,Callococcus leptospermi PF,,Cle.NSW11,LGC01169,"Bald Rock, NSW",NSW,-28.85222222,152.0419444,Leptospermum novae-angliae,Leptospermum,Myrtaceae,1,0,0,0,0,NA,5,,,
,,LGC01174,Eriococcidae,Callococcus,Callococcus leptospermi s.s.,,Cle.Tas4,LGC01174,"Freycinet NP, Tas",Tas,-42.12927,148.315522,Leptospermum glaucescens,Leptospermum,Myrtaceae,0,0,0,0,0,NA,5,,,
,,LGC01195,Eriococcidae,Casuarinaloma,Casuarinaloma leaii,,Clea.WA1,LGC01195,"Milmerran, Qld",Qld,-27.93707222,151.2332611,Casuarina sp,Casuarina,Casuarinaceae,0,0,0,0,0,NA,5,,,
,,LGC01212.1,Eriococcidae,Callococcus,Callococcus leptospermi PF,,,LGC01212.1,"Boonoo Boonoo NP, NSW",NSW,-28.8547,152.1494,Leptospermum polygalifolium,Leptospermum,Myrtaceae,0,0,0,1,0,NA,5,,,
,,LGC01212.2,Eriococcidae,Callococcus,Callococcus leptospermi PF,,,LGC01212.2,"Boonoo Boonoo NP, NSW",NSW,-28.8547,152.1494,Leptospermum polygalifolium,Leptospermum,Myrtaceae,0,0,0,0,0,NA,5,,,
,,LGC01204,Eriococcidae,Cylindrococcus,Cylindrococcus spiniferus,,Csp.WA1,LGC01204,"Dampier State Forest, NSW",NSW,-36.1275,149.9238889,Allocasuarina littoralis,Allocasuarina,Casuarinaceae,0,0,0,0,0,NA,5,,,
,,LGC01213,Coccidae,Cryptes,Cryptes baccatus,,Cb.Qld8,LGC01213,"Wondul Range, Qld",Qld,-28.053228,151.002184,Acacia implexa,Acacia,Fabaceae,1,0,0,0,0,NA,5,y,,
,,LGC01217,Eriococcidae,Casuarinaloma,Casuarinaloma leaii,,,LGC01217,"Haekels Rd, Qld",Qld,-28.12442,151.1039,Casuarina cristata,Casuarina,Casuarinaceae,0,0,0,0,0,NA,5,,yes,
,,LGC01217,Eriococcidae,Casuarinaloma,Casuarinaloma leaii,,Clea.WA2,LGC01217,"Haekels Rd, Qld",Qld,-28.12442,151.1039,Casuarina cristata,Casuarina,Casuarinaceae,0,0,1,0,0,NA,5,,,
,,LGC01218,Asterolecaniidae,Frenchia,Frenchia semiocculta,,,LGC01218,"Milmerran-Inglewood Rd, Qld",Qld,-28.12442,151.1039,Casuarina cristata,Casuarina,Casuarinaceae,0,0,0,0,0,NA,5,,yes,
,,LGC01218,Pseudococcidae,Frenchia,Frenchia semiocculta,,Fs.WA1,LGC01218,"Haekels Rd, Qld",Qld,-28.12442,151.1039,Casuarina cristata,Casuarina,Casuarinaceae,0,0,0,0,0,NA,5,,,
,,LGC01222,Eriococcidae,Cylindrococcus,Cylindrococcus,,,LGC01222,"Wondul Range NP, Qld",Qld,-28.07277778,151.0436111,Allocasuarina inophloia,Allocasuarina,Casuarinaceae,0,0,0,0,0,NA,5,,,
,,LGC01221,Eriococcidae,Cylindrococcus,Cylindrococcus casuarinae,,Cca.NT2,LGC01221,"Wondul Range NP, Qld",Qld,-28.046311,150.995741,Allocasuarina luehmannii,Allocasuarina,Casuarinaceae,0,0,0,0,0,NA,5,,,
,,LGC01245,Eriococcidae,Sphaerococcus,Sphaerococcus ferrugineus,,Sf.NSW6,LGC01245,"Lawn Hill, Qld",Qld,-18.1667,138.5,Melaleuca nervosa,Melaleuca,Myrtaceae,0,1,0,0,0,NA,5,,,
,,LGC01247,Eriococcidae,Sphaerococcus,Sphaerococcus ferrugineus,,Sf.NSW7,LGC01247,"Hells Gate Roadhouse, Qld",Qld,-17.455296,138.356117,Melaleuca viridiflora,Melaleuca,Myrtaceae,0,0,0,0,0,NA,5,,,
,,LGC01251,Eriococcidae,Sphaerococcus,Sphaerococcus ferrugineus,,Sf.NSW8,LGC01251,"Darwin, NT",NT,-12.456453,130.844049,Melaleuca leucadendra,Melaleuca,Myrtaceae,1,0,0,0,0,NA,5,,,
,,LGC01256,Eriococcidae,Sphaerococcus,Sphaerococcus ferrugineus,,Sf.NT6,LGC01256,"Borooloola, NT",NT,-15.833,136.333,Melaleuca cajuputi,Melaleuca,Myrtaceae,1,1,0,0,0,NA,5,,yes,
,,LGC01258,Eriococcidae,Sphaerococcus,Sphaerococcus ferrugineus,,Sf.NT7,LGC01258,,,,,Melaleuca viridiflora,Melaleuca,Myrtaceae,0,1,0,0,0,NA,5,,,
,,LGC01291,Eriococcidae,Cystococcus,Cystococcus,,,LGC01291,"Drysdale River Homestead, WA",WA,-15.70027778,126.3808333,Corymbia sp,Corymbia,Myrtaceae,0,0,0,0,0,NA,5,,,
,,LGC01282,Eriococcidae,Cystococcus,Cystococcus echiniformis,,Ce.Qld2,LGC01282,"Mitchell Plateau, WA",WA,-14.89,126.0886111,Corymbia sp,Corymbia,Myrtaceae,1,0,0,0,0,NA,5,,yes,
,,LGC01361.1,Eriococcidae,Cylindrococcus,Cylindrococcus spiniferus,,,LGC01361.1,"Big Desert, Vic",Vic,-35.2744,141.190296,Allocasuarin muelleriana,Allocasuarin,Casuarinaceae,0,0,0,0,0,NA,5,,,
,,LGC01361.2,Eriococcidae,Cylindrococcus,Cylindrococcus spiniferus,,,LGC01361.2,"Big Desert, Vic",Vic,-35.2744,141.190296,Allocasuarin muelleriana,Allocasuarin,Casuarinaceae,0,0,0,0,0,NA,5,,,
,,LGC01373,Eriococcidae,Eriococcus,Eriococcus confusus,,,LGC01373,"Wauchope, NSW",NSW,-31.51283611,152.7228306,Eucalyptus stringybark,Eucalyptus,Myrtaceae,0,0,0,0,0,NA,5,,,
,,LGC01374.1,Eriococcidae,Lachnodius,Lachnodius eucalypti,,,LGC01374.1,"South West Rocks, NSW",NSW,-30.89861111,153.0247222,Eucalyptus tereticornis,Eucalyptus,Myrtaceae,1,0,0,0,0,NA,5,,,
,,LGC01374.2,Eriococcidae,Lachnodius,Lachnodius eucalypti,,,LGC01374.2,"South West Rocks, NSW",NSW,-30.89861111,153.0247222,Eucalyptus tereticornis,Eucalyptus,Myrtaceae,0,0,1,0,0,NA,5,,,
,,LGC01382,Eriococcidae,Eriococcus,Eriococcus confusus,,,LGC01382,"South West Rocks, NSW",NSW,-30.88918333,153.0270833,Eucalyptus sp,Eucalyptus,Myrtaceae,1,0,0,0,0,NA,5,,,
,,LGC01302,Eriococcidae,Cystococcus,Cystococcus pomiformis,,Ce.Qld3,LGC01302,"Halls Creek, WA",WA,-18.78388889,126.6505556,Corymbia terminalis,Corymbia,Myrtaceae,0,0,0,0,0,NA,5,,,
,,LGC01419,Eriococcidae,Callococcus,Callococcus leptospermi s.s.,,Cle.Qld5,LGC01419,"Chandler, Qld",Qld,-27.51972222,153.1513889,Leptospermum trinervium,Leptospermum,Myrtaceae,0,1,0,0,0,NA,5,,,
,,LGC01427,Eriococcidae,Callococcus,Callococcus leptospermi PF,,Cle.Qld6,LGC01427,"Mt Tibrogargan, Qld",Qld,-26.89175,152.9475,Leptospermum oreophilum,Leptospermum,Myrtaceae,0,0,0,0,0,NA,5,,,
,,LGC01429,Eriococcidae,Callococcus,Callococcus leptospermi PF,,Cle.Qld7,LGC01429,"Mt Tibrogargan, Qld",Qld,-26.89175,152.9475,Leptospermum oreophilum,Leptospermum,Myrtaceae,0,0,0,0,0,NA,5,,,
,,LGC01432,Eriococcidae,Callococcus,Callococcus leptospermi PF,,Cle.Qld8,LGC01432,"Redland Bay, Qld",Qld,-27.64444444,153.2752778,Leptospermum polygalifolium,Leptospermum,Myrtaceae,0,0,0,0,0,NA,5,,,
,,LGC01433,Eriococcidae,Callococcus,Callococcus leptospermi s.s.,,Cle.unknown,LGC01433,not recorded!,,,,Leptospermum variabile,Leptospermum,Myrtaceae,0,1,0,0,0,NA,5,,,
,,LGC01435,Eriococcidae,Callococcus,Callococcus leptospermi PF,,Cle.NSW12,LGC01435,"Lyons Rd,  NSW",NSW,-30.365518,153.079073,Leptospermum polygalifolium,Leptospermum,Myrtaceae,0,0,0,0,0,NA,5,,,
,,LGC01441,Eriococcidae,Callococcus,Callococcus leptospermi PF,,Cle.NSW13,LGC01441,"Mulligans, NSW",NSW,-29.515,152.3613889,Leptospermum novae-angliae,Leptospermum,Myrtaceae,0,0,0,0,0,1,5,,,
,,LGC01442,Eriococcidae,Callococcus,Callococcus acaciae,,Ca.NSW3,LGC01442,"Washpool NP, NSW",NSW,-29.456107,152.358719,Kunzea sp,Kunzea,Myrtaceae,0,0,0,0,0,NA,5,,,
,,LGC01547,Eriococcidae,Callococcus,Callococcus leptospermi WNP,,Cle.WA8,LGC01547,"Yandanooka, WA",WA,-29.3445,115.2654,Leptospermum oligoandrum,Leptospermum,Myrtaceae,0,0,1,0,0,NA,5,,,
,,LGC01560,Eriococcidae,Callococcus,Callococcus leptospermi WNP,,Cle.WA9,LGC01560,"Western Flora Caravan Park, WA",WA,-29.62516667,115.2255556,Leptospermum oligoandrum,Leptospermum,Myrtaceae,0,0,0,0,0,NA,5,,,
,,LGC01574,Eriococcidae,Callococcus,Callococcus acaciae,,Ca.WA3,LGC01574,"Walpole, WA",WA,-34.81105556,116.5298889,Kunzea sp,Kunzea,Myrtaceae,0,0,0,0,0,NA,5,,,
,,LGC01576,Eriococcidae,Callococcus,Callococcus pulchellus,,Cpu.WA6,LGC01576,"Walpole, WA",WA,-34.81105556,116.5298889,myrtle sp,myrtle,Myrtaceae,1,0,0,0,0,NA,5,,,
,,LGC01584,Eriococcidae,Callococcus,Callococcus leptospermi WNP,,Cle.WA10,LGC01584,"Yandanooka South Rd, WA",WA,-29.34502778,115.4405556,Leptospermum oligoandrum,Leptospermum,Myrtaceae,0,0,0,0,0,NA,5,,,
,,LGC01586,Eriococcidae,Callococcus,Callococcus sp1,,Cle.WA14,LGC01586,"Nine Mile Swamp Rd, WA",WA,-31.09594,115.6050833,Hypocalymma sp,Hypocalymma,Myrtaceae,0,0,1,0,0,NA,5,,,
,,LGC01633,Eriococcidae,Apiomorpha,Apiomorpha jucundacrispi -holotype f2,,,lgc01633,Australia,NSW,-28.490333,115.106056,Eucalyptus Jucunda,Eucalyptus,Myrtaceae,0,0,0,0,0,NA,5,,,
,,LGC01605,Eriococcidae,Callococcus,Callococcus sp2,,Cpu.WA7,LGC01605,"Manjimup, WA",WA,-34.30694,118.0255556,myrtle sp,myrtle,Myrtaceae,1,1,0,0,0,NA,5,,,
,,LGC01655,Eriococcidae,Callococcus,Callococcus acaciae,,Ca.WA4,LGC01655,"Borden - Bremer Bay Rd, WA",WA,-34.21075,118.3448333,Kunzea sp,Kunzea,Myrtaceae,0,0,0,0,0,NA,5,tried two females,,
,,LGC01656,Eriococcidae,Callococcus,Callococcus leptospermi WNP,,Cle.WA11,LGC01656,"Borden - Bremer Bay Rd, WA",WA,-34.21075,118.3448333,Leptospermum oligoandrum,Leptospermum,Myrtaceae,0,0,0,0,0,NA,5,,,
,,LGC01663,Eriococcidae,Callococcus,Callococcus acaciae,,Ca.NSW4,LGC01663,"Mt Kaputar, NSW",NSW,-30.281625,150.174085,Kunzea sp,Kunzea,Myrtaceae,0,0,0,0,0,NA,5,,,
,,LGC01666,Eriococcidae,Callococcus,Callococcus leptospermi,,Cle.NSW14,LGC01666,"Mt Kaputar NP, NSW",NSW,-30.279522,150.164556,Leptospermum polygalifolia,Leptospermum,Myrtaceae,1,0,0,0,0,NA,5,,,
,,LGC01672,Eriococcidae,Callococcus,Callococcus leptospermi bg,,Cle.NSW15,LGC01672,"Boonoo Boonoo NP, NSW",NSW,-28.842568,152.15171,Leptospermum sp,Leptospermum,Myrtaceae,0,0,0,0,0,NA,5,,,
,,LGC01676,Eriococcidae,Callococcus,Callococcus leptospermi s.s.,,Cle.NSW16,LGC01676,"Mt Kaputar NP, NSW",NSW,-30.284393,150.167799,Leptospermum brevipes,Leptospermum,Myrtaceae,0,0,0,0,0,NA,5,,,
,,LGC01678,Eriococcidae,Callococcus,Callococcus leptospermi s.s.,,Cle.NSW17,LGC01678,"Mt Kaputar NP, NSW",NSW,-30.284393,150.167799,Leptospermum gregarium,Leptospermum,Myrtaceae,0,0,0,0,0,NA,5,,,
,,LGC01679,Eriococcidae,Callococcus,Callococcus acaciae,,Ca.NSW5,LGC01679,"Mt Kaputar, NSW",NSW,-30.279649,150.163923,Kunzea sp,Kunzea,Myrtaceae,0,0,0,0,0,NA,5,,,
,,LGC01680,Eriococcidae,Callococcus,Callococcus leptospermi PF,,Cle.NSW18,LGC01680,"Mt Kaputar NP, NSW",NSW,-30.284393,150.167799,Leptospermum sp,Leptospermum,Myrtaceae,0,0,0,1,0,NA,5,,,
,,LGC01685,Eriococcidae,Callococcus,Callococcus leptospermi s.s.,,Cle.NSW19,LGC01685,"Mt Kaputar NP, NSW",NSW,-30.284393,150.167799,Leptospermum gregarium,Leptospermum,Myrtaceae,0,0,0,0,0,NA,5,,,
,,LGC01702,Eriococcidae,Callococcus,Callococcus leptospermi PF,,Cle.NSW20,LGC01702,"Mulligans Hut, NSW",NSW,-29.515,152.3613889,Leptospermum novae-angliae,Leptospermum,Myrtaceae,0,0,0,0,0,NA,5,,,
,,LGC01703,Eriococcidae,Callococcus,Callococcus acaciae,,Ca.NSW6,LGC01703,"Gibraltar Range NP, NSW",NSW,-29.54486111,152.2630556,Kunzea bracteolata,Kunzea,Myrtaceae,0,0,0,0,0,NA,5,,,
,,LGC01708,Eriococcidae,Callococcus,Callococcus leptospermi PF,,Cle.NSW21,LGC01708,"Middle Brother State Forest, NSW",NSW,-31.6915278,152.6745278,Leptospermum liversidgei,Leptospermum,Myrtaceae,0,1,0,0,0,NA,5,,,
,,LGC01819,Eriococcidae,Callococcus,Callococcus newmanii,,Cn.WA1,LGC01819,"Mundijong, WA",WA,-32.295894,115.9519722,Hypocalymma sp,Hypocalymma,Myrtaceae,0,0,0,0,0,NA,5,,,
,,LGC01837,Eriococcidae,Callococcus,Callococcus pulchellus,,Cpu.WA1,LGC01837,"Eneabba, WA",WA,-29.61862,115.42734,Hypocalymma sp,Hypocalymma,Myrtaceae,0,0,0,0,0,NA,5,,,
,,LGC01841,Eriococcidae,Callococcus,Callococcus leptospermi WNP,,Cle.WA12,LGC01841,"Watheroo NP, WA",WA,-30.31685,115.75543,Leptospermum roei,Leptospermum,Myrtaceae,0,0,0,0,0,NA,5,,,
,,LGC01843,Eriococcidae,Callococcus,Callococcus leptospermi grp,,Cle.WA13,LGC01843,"Western Flora Caravan Park, WA",WA,-29.625167,115.2256,Leptospermum sp,Leptospermum,Myrtaceae,0,0,0,0,0,NA,5,,,
,,LGC01898.1,Eriococcidae,Eriococcus,Eriococcus confusus,,,LGC01898.1,"Wolemi NP, NSW",NSW,-33.335159,150.249689,Eucalyptus racemosa,Eucalyptus,Myrtaceae,0,0,0,0,0,NA,5,,,
,,LGC01898.2,Eriococcidae,Eriococcus,Eriococcus confusus,,,LGC01898.2,"Wolemi NP, NSW",NSW,-33.335159,150.249689,Eucalyptus racemosa,Eucalyptus,Myrtaceae,0,0,0,0,0,NA,5,,,
,,LGC01914.1,Monophlebidae,Icerya,Icerya purchasi,,,LGC01914.1,"Sundown NP, Qld",Qld,-28.8513,151.7159,Leptospermum brevipes,Leptospermum,Myrtaceae,1,0,0,1,0,NA,5,,,
,,LGC01896,Eriococcidae,Callococcus,Callococcus leptospermi WNP,,Cle.NSW22,LGC01896,"Mt Ragged, WA",WA,-33.62915,123.23797,Leptospermum sp,Leptospermum,Myrtaceae,0,0,0,0,0,NA,5,,,
,,LGC01944,Coccidae,Cryptes,Cryptes baccatus,,Cb.Qld9,LGC01944,"Thane, Qld",Qld,-28.1646,151.6706,Acacia aulacocarpa,Acacia,Fabaceae,1,1,0,0,0,NA,5,y,,
,,LGC02008,Eriococcidae,Callococcus,Callococcus acaciae,,Ca.NSW7,LGC02008,"Limeburners, NSW",NSW,-31.38232,152.86636,Kunzea sp,Kunzea,Myrtaceae,0,0,0,0,0,NA,5,,,
,,LGC02053,Coccidae,Ceronema,Ceronema dryandrae,,Cd.WA6.1,lgc02053,Australia,WA,-31.42163,117.5189,Banksia sp,Banksia,Proteaceae,0,0,0,0,0,NA,5,,,
,,LGC02236,Diaspididae,Aspidiotus,Aspidiotus nerii,,An.WA1,LGC02236,"Murramarang NP, NSW",NSW,-35.68166667,150.3011111,Macrozamia communis,Macrozamia,Myrtaceae,0,0,0,1,0,NA,5,,,
,,LGC02265.1,Eriococcidae,Cylindrococcus,Cylindrococcus spiniferus,,,LGC02265.1,"Binjour, Qld",Qld,-25.320375,151.4218,Eucalyptus littoralis,Eucalyptus,Myrtaceae,0,0,0,0,0,NA,5,,,
,,LGC02265.2,Eriococcidae,Cylindrococcus,Cylindrococcus spiniferus,,,LGC02265.2,"Binjour, Qld",Qld,-25.320375,151.4218,Eucalyptus littoralis,Eucalyptus,Myrtaceae,0,0,0,0,0,NA,5,,,
,,LGC02267.2,Eriococcidae,Cystococcus,Cystococcus campanidorsalis,,,LGC02267.2,"Helidon, Qld",Qld,-27.5042,152.15771,Corymbia trachyphloia,Corymbia,Myrtaceae,1,0,0,0,0,NA,5,,,
,,LGC02237,Diaspididae,Aspidiotus,Aspidiotus nerii,,An.Qld1,LGC02237,"Murramarang NP, NSW",NSW,-35.68166667,150.3011111,Macrozamia communis,Macrozamia,Myrtaceae,0,0,0,0,0,NA,5,,,
,,LGC02272,Coccidae,Cryptes,Cryptes baccatus,,Cb.Qld10,LGC02272,"Freshwater NP, Qld",Qld,-27.177,152.997,Acacia concurrens,Acacia,Fabaceae,0,1,0,0,0,NA,5,y,,
,,LGC02280.2,Coccidae,Ceronema,Ceronema caudatum,,,LGC02280.2,"Upper Coomera, Qld",Qld,-27.86,153.3,Corymbia ficifolia,Corymbia,Myrtaceae,1,0,0,0,0,NA,5,,,
,,LGC02351.1,Eriococcidae,,mel galler sp1,,,LGC02351.1,"Mnt Shenton-Yamarna, WA",WA,-28.03709,123.57434,Melaleuca eleuterostachya,Melaleuca,Myrtaceae,0,0,0,0,0,NA,5,,,
,,LGC02351.2,Eriococcidae,,mel galler sp1,,,LGC02351.2,"Mnt Shenton-Yamarna, WA",WA,-28.03709,123.57434,Melaleuca eleuterostachya,Melaleuca,Myrtaceae,0,0,0,0,0,NA,5,,,
,,LGC02363.2,Eriococcidae,,mel galler (broombush cone),,,LGC02363.2,"Victoria Rock, WA",WA,-31.23755,121.09097,Melaleuca hamata,Melaleuca,Myrtaceae,0,0,0,0,0,NA,5,,,
,,LGC02400,Eriococcidae,Callococcus,Callococcus leptospermi s.s.,,,LGC02400,"North Head, NSW",NSW,-33.819,151.3,Leptospermum laevigatum,Leptospermum,Myrtaceae,0,0,0,0,0,NA,5,,,
,,LGC02279,Coccidae,Austrolecanium,Austrolecanium sassafras,,Asas.NSW2,LGC02279,"Lamington NP, Qld",Qld,-28.230739,153.136134,Doryphora sassafras,Doryphora,Atherospermataceae,0,0,0,0,0,NA,5,,,
,,LGC02431,Diaspididae,Aspidiotus,Aspidiotus nerii,,An.NZ1,LGC02431,"Acton, ACT",ACT,-35.279022,149.109181,Macrozamia riedlei,Macrozamia,Myrtaceae,0,0,0,0,0,NA,5,,,
,,LGC02456,Eriococcidae,Cylindrococcus,Cylindrococcus casuarinae s.l. 1,,,LGC02456,"Barakula State Forest, Qld",Qld,-18.726,143.46,Melaleuc leucadendra,Melaleuc,Myrtaceae,0,0,0,0,0,NA,5,,,
,,LGC02472.1,Eriococcidae,,mel galler sp2,,,LGC02472.1,"Kalbarri, WA",WA,-27.871,114.173,Melaleuc leuropoma,Melaleuca,Myrtaceae,0,0,0,0,0,NA,5,,,
,,LGC02472.2,Eriococcidae,,mel galler sp2,,,LGC02472.2,"Kalbarri, WA",WA,-27.871,114.173,Melaleuc leuropoma,Melaleuca,Myrtaceae,1,0,0,0,0,NA,5,,,
,,LGC02486,Eriococcidae,Ascelis,Ascelis praemollis,,,LGC02486,"Stuarts Point, NSW",NSW,-30.81778,152.9936,Corymbia sp,Corymbia,Myrtaceae,1,1,0,0,0,NA,5,,,
,,LGC02433,Coccidae,Myzolecanium,Myzolecanium endoeucalyptus,,Me.NZ1,LGC02433,"Windellama, NSW",NSW,-35.024099,149.872331,Eucalyptus mannifera,Eucalyptus,Myrtaceae,1,0,0,0,0,NA,5,,,
,,LGC02497,Eriococcidae,Apiomorpha,Apiomorpha floralis s. l. 1,,,LGC02499,"Stuarts Point, NSW",NSW,-30.81778,152.9936,,,,0,0,0,0,0,NA,5,,,
,,LGC02489,Eriococcidae,Eriococcus ,Eriococcus coriaceus,,Ec.Tas1,LGC02489,"Bellangry State Forest, NSW",NSW,-31.288056,152.508611,Eucalyptus pilularis,Eucalyptus,Myrtaceae,0,0,0,0,0,NA,5,,,
,,LGC02798,Eriococcidae,Cylindrococcus,Cylindrococcus  sp nov,,,LGC02798,"Bulli State Forest, Qld",Qld,-28.04387,150.99606,Allocasuarina inophloia,Allocasuarina,Casuarinaceae,1,0,0,0,0,NA,5,,,
,,LGC02818.1,Monophlebidae,Icerya,Cryptes baccatus,,,LGC02818.1,"Cairns Botanic Gardens, Qld",Qld,-16.900787,145.751802,,,,1,0,0,0,0,NA,5,y,,
,,LGC02818.2,Monophlebidae,Icerya,Cryptes baccatus,,,LGC02818.2,"Cairns Botanic Gardens, Qld",Qld,-16.900787,145.751802,,,,1,0,0,0,0,NA,5,y,,
,,LGC02821,Coccidae,Coccidae,Cryptes baccatus,,,LGC02821,"Cairns Botanic Gardens, Qld",Qld,-16.902,145.751,Melaleuca leucadendra,Melaleuca,Myrtaceae,1,1,0,0,0,NA,5,,,
,,LGC02549,Coccidae,Ceronema,Ceronema caudatum,,Cc.Qld4.1,LGC02549,"Maytown, Qld",Qld,-16.22515,114.69998,Melaleuca viridiflora,Melaleuca,Myrtaceae,0,1,0,0,0,NA,5,,,
,,LGC02834,Coccidae,Cryptes,Cryptes baccatus,,Cb.SA2,LGC02834,"Quorn, SA",SA,-32.4166273,137.9824904,Acacia pycnantha,Acacia,Fabaceae,0,1,0,0,0,NA,5,y,,
,,LGC02841,Eriococcidae,Lachnodius,Lachnodius,,,LGC02841,"Loxton, SA",SA,-34.448233,140.551405,Eucalyptus largiflorens,Eucalyptus,Myrtaceae,0,0,0,0,0,NA,5,,,
,,LGC02839,Coccidae,Cryptes,Cryptes baccatus,,Cb.SA3,LGC02839,"Quorn, SA",SA,-32.4166273,137.9824904,Acacia pycnantha,Acacia,Fabaceae,0,0,0,0,0,NA,5,y,,
,,LGC02877.2,Eriococcidae,Callococcus,Callococcus leptospermi s.l. 1,,,LGC02877.2,"Ngarkat Conversation Park, SA",SA,-35.6407,140.7797,Leptospermum coriaceum,Leptospermum,Myrtaceae,0,0,0,0,0,NA,5,,,
,,LGC02847,Coccidae,Cryptes,Cryptes baccatus,,Cb.SA4,LGC02847,"Barmera, SA",SA,-34.2319,140.4011,Acacia stenophylla,Acacia,Fabaceae,0,1,0,0,0,NA,5,y,,
,,LGC02944,Coccidae,Cryptes,Cryptes baccatus,,Cb.WA2,LGC02944,"Fremantle, WA",WA,-32.05,115.755,Acacia xanthina,Acacia,Fabaceae,0,1,0,0,0,NA,5,y,,
,,LGC02945,Coccidae,Cryptes,Cryptes baccatus,,Cb.WA3,LGC02945,"Fremantle, WA",WA,-32.05,115.755,Acacia xanthina,Acacia,Fabaceae,0,0,0,0,0,NA,5,,,
,,LGC02948,Eriococcidae,,mel galler sp3,,,LGC02948,"Stirling Range NP, WA",WA,-34.34804,118.10497,Calothamnus montanus,Calothamnus,Myrtaceae,0,0,0,0,0,NA,5,,,
,,LGC02959,Eriococcidae,Apiomorpha,Apiomorpha minor (large),,,LGC02949,"Stirling Range NP, WA",WA,-34.34804,118.10497,,,,0,0,0,0,0,NA,5,,,
,,LGC02946,Coccidae,Cryptes,Cryptes baccatus,,Cb.WA4,LGC02946,"Fremantle, WA",WA,-32.05,115.755,Acacia xanthina,Acacia,Fabaceae,0,1,0,0,0,NA,5,y,,
,,LGC03000,Eriococcidae,Apiomorpha,Apiomorpha floralis s. l. 2,,,LGC02959,"Arakoon NP, NSW",NSW,-30.92,153.083,Eucalyptus pilularis,Eucalyptus,Myrtaceae,1,1,0,0,0,NA,5,,,
,,LGC02986,Eriococcidae,Torarchus,Torarchus endocanthium,,Te.Vic1,LGC02986,"Stockyard Creek, Qld",Qld,-27.6674,152.06676,Psydrax odorata,Psydrax,Rubiaceae,0,0,0,0,0,NA,5,,,
,,LGC03030.1,Monophlebidae,Icerya,Icerya seychellarum,,,LGC03030.1,"Clayfield, Qld",Qld,-27.4092,153.0536,Unknown,Unknown,Unknown,1,0,0,0,0,NA,5,,,
,,LGC03030.2,Monophlebidae,Icerya,Icerya seychellarum,,,LGC03030.2,"Clayfield, Qld",Qld,-27.4092,153.0536,Unknown,Unknown,Unknown,0,0,0,0,0,NA,5,,,
,,LGC03034.1,Eriococcidae,,mel galler sp4,,,LGC03034.1,"Kalbarri, WA",WA,-27.713,114.1558113,Melaleuca sp,Melaleuca,Myrtaceae,0,1,0,0,0,NA,5,,,
,,LGC03034.2,Eriococcidae,,mel galler sp4,,,LGC03034.2,"Kalbarri, WA",WA,-27.713,114.1558113,Melaleuca sp,Melaleuca,Myrtaceae,0,1,0,0,0,NA,5,,,
,,LGC03035.1,Eriococcidae,,mel galler sp4,,,LGC03035.1,"Kalbarri, WA",WA,-27.717,114.1548113,Melaleuca sp,Melaleuca,Myrtaceae,0,0,0,0,0,NA,5,,,
,,LGC03035.2,Eriococcidae,,mel galler sp4,,,LGC03035.2,"Kalbarri, WA",WA,-27.717,114.1548113,Melaleuca sp,Melaleuca,Myrtaceae,0,0,0,0,0,NA,5,,,
,,LGC03052,Eriococcidae,Cylindrococcus ,Cylindrococcus spiniferus,,,LGC03052,"Little Desert NP, Vic",Vic,-36.48,141.79,Allocasuarina sp,Allocasuarina,Casuarinaceae,0,0,0,0,0,NA,5,,,
,,LGC03104.1,Kerriidae,,lac scale sp,,,LGC03104.1,"Canberra, ACT",ACT,-35.279134,149.109455,Kunzea ericoides,Kunzea,Myrtaceae,0,1,0,0,0,NA,5,,,
,,LGC03104.2,Kerriidae,,lac scale sp,,,LGC03104.2,"Canberra, ACT",ACT,-35.279134,149.109455,Kunzea ericoides,Kunzea,Myrtaceae,0,0,0,0,0,NA,5,,,
,,LGC03149Scale,Pseudococcidae,,mealybug sp3,,,LGC03149Scale,"Carnarvon Hwy, Qld",Qld,-25.4393,148.6421,Psydrax sp,Psydrax,Rubiaceae,0,0,0,0,0,NA,5,,,
,,LGC03026,Coccidae,Cryptes,Cryptes baccatus,,Cb.VIC1,LGC03026,"Westgate Part, Vic",Vic,-37.8312,144.9109,Acacia pycnantha,Acacia,Fabaceae,0,0,0,0,0,NA,5,y,,
,,LGC03153,Coccidae,Cryptes,Cryptes baccatus,,Cb.Qld11,LGC03153,"Mt. Moffatt, Qld",Qld,-24.984038,147.936633,Acacia sp,Acacia,Fabaceae,1,0,0,0,0,NA,5,,,
,,LGC03194,Pseudococcidae,,mealybug sp4,,,LGC03194,"Coominglah SF, Qld",Qld,-24.795,150.94,Psydrax sp,Psydrax,Rubiaceae,0,0,0,0,0,NA,5,,,
,,LGC03196,Pseudococcidae,,mealybug sp4,,,LGC03196,"Coominglah SF, Qld",Qld,-24.795,150.94,Psydrax sp,Psydrax,Rubiaceae,0,0,0,0,0,NA,5,,,
,,LGC03247Scale,Pseudococcidae,,mealybug sp5,,,LGC03247Scale,"Coominglah SF, Qld",Qld,-24.7993,150.9626,Psydrax odorata ,Psydrax,Rubiaceae,0,0,0,0,0,NA,5,,,
,,LGC03254,Pseudococcidae,,mealybug sp6,,,LGC03254,"Coominglah SF, Qld",Qld,-24.7993,150.9626,Psydrax odorata ,Psydrax,Rubiaceae,0,0,0,0,0,NA,5,,,
,,LGC03276.1,,Serrachiton,Serrachiton,,,LGC03276.1,"Stirling Range NP, WA",WA,-34.34804,118.10497,Calothamnus montanus,Calothamnus,Myrtaceae,0,0,0,0,0,NA,5,,,
,,LGC03276.2,,Serrachiton,Serrachiton,,,LGC03276.2,"Stirling Range NP, WA",WA,-34.34804,118.10497,Calothamnus montanus,Calothamnus,Myrtaceae,0,0,0,0,0,NA,5,,,
,,LGC03277,Eriococcidae,,mel galler sp5,,,LGC03277,"Stirling Range NP, WA",WA,-34.34804,118.10497,Calothamnus montanus,Calothamnus,Myrtaceae,0,0,0,0,0,NA,5,,,
,,LGC03389.1,Eriococcidae,Cylindrococcus,Cylindrococcus casuarinae s.l. 2,,,LGC03389.1,"Dryandra Woodland NP., WA",WA,-32.751,116.911,Allocasuarin huegeliana,Allocasuarin,Casuarinaceae,0,0,0,0,0,NA,5,,,
,,LGC03389.2,Eriococcidae,Cylindrococcus,Cylindrococcus casuarinae s.l. 2,,,LGC03389.2,"Dryandra Woodland NP., WA",WA,-32.751,116.911,Allocasuarin huegeliana,Allocasuarin,Casuarinaceae,0,0,0,0,0,NA,5,,,
,,LGC03396.1,Eriococcidae,Callococcus,Callococcus acaciae,,,LGC03396.1,"Stirling Range NP, WA",WA,-34.374,117.788,Kunzea sp,Kunzea,Myrtaceae,1,0,0,0,0,NA,5,,,
,,LGC03396.2,Eriococcidae,Callococcus,Callococcus acaciae,,,LGC03396.2,"Stirling Range NP, WA",WA,-34.374,117.788,Kunzea sp,Kunzea,Myrtaceae,0,0,0,0,0,NA,5,,,
,,LGC03164,Coccidae,Cryptes,Cryptes baccatus,,Cb.Qld12,LGC03164,"Calliope, Qld",Qld,-24.1624,151.218,Acacia sp,Acacia,Fabaceae,1,1,0,0,0,NA,5,,,
,,LGC03556.1,Eriococcidae,Eriococcus,Eriococcus s.l. 1,,,LGC03556.1,"Lockyer NP, Qld",Qld,-27.45366,152.2506,Corymbia trachyphloia,Corymbia,Myrtaceae,0,1,0,0,0,NA,5,,,
,,LGC03556.2,Eriococcidae,Eriococcus,Eriococcus s.l. 1,,,LGC03556.2,"Lockyer NP, Qld",Qld,-27.45366,152.2506,Corymbia trachyphloia,Corymbia,Myrtaceae,1,0,0,0,0,NA,5,,,
,,LGC03567.1,Coccidae,Cryptes,Cryptes baccatus,,,LGC03567.1,"Mt Coot-tha, Qld",Qld,-27.477,152.95,Acacia sp,Acacia,Fabaceae,1,0,0,0,0,NA,5,,,
,,LGC03567.2,Coccidae,Cryptes,Cryptes baccatus,,,LGC03567.2,"Mt Coot-tha, Qld",Qld,-27.477,152.95,Acacia sp,Acacia,Fabaceae,1,0,0,0,0,NA,5,,,
,,LGC03586,Eriococcidae,Cylindrococcus,Cylindrococcus spiniferus,,,LGC03586,"Temora, NSW",NSW,-34.43267,147.43961,Allocasuarin diminuta,Allocasuarin,Casuarinaceae,0,0,0,0,0,NA,5,,,
,,LGC03627,Pseudococcidae,Pseudococcus,Pseudococcus sp1,,,lgc03627,Australia,Qld,-20.0747,148.4417,Psydrax odorata ,Psydrax,Rubiaceae,0,1,0,0,0,NA,5,,,
,,LGC03631.1,Eriococcidae,Eriococcus,Eriococcus s.l. 2,3,,LGC03631.1,"Mt Coot-tha, Qld",Qld,-27.470839,152.970133,Melaleuca callistemon,Melaleuca,Myrtaceae,0,0,0,0,0,NA,5,,,
,,LGC03631.2,Eriococcidae,Eriococcus,Eriococcus s.l. 2,,,LGC03631.2,"Mt Coot-tha, Qld",Qld,-27.470839,152.970133,Melaleuca callistemon,Melaleuca,Myrtaceae,0,0,0,0,0,NA,5,,,
,,LGC03804.1,Diaspididae,Maskellia,Maskellia globosa,,,LGC03804.1,"Munglinup, WA",WA,-33.6745,120.8003,Eucalyptus flocktoniae,Eucalyptus,Myrtaceae,0,0,0,0,0,NA,5,,,
,,LGC03804.2,Diaspididae,Maskellia,Maskellia globosa,,,LGC03804.2,"Munglinup, WA",WA,-33.6745,120.8003,Eucalyptus flocktoniae,Eucalyptus,Myrtaceae,0,0,0,0,0,NA,5,,,
,,LGC03870,Eriococcidae,Callococcus,Callococcus leptospermi s.l. 2,,,LGC03870,"Tooperang, SA",SA,-35.38035,138.73987,Leptospermum continentale,Leptospermum,Myrtaceae,1,0,0,0,0,NA,5,,,
,,LGC03924,Eriococcidae,Tanyscelis,Tanyscelis recurva/maculata,,,LGC03924,"Glenbawn, NSW",NSW,-32.099946,150.978242,Eucalyptus nortonii,Eucalyptus,Myrtaceae,0,0,0,0,0,NA,5,,,
,,LGC03929F1,Eriococcidae,Eriococcus,Eriococcus confusus,,,LGC03929F1,"Woombah, NSW",NSW,-29.35756,153.28413,Corymbia sp,Corymbia,Myrtaceae,1,0,0,0,0,NA,5,,,
,,LGC03929M1,Eriococcidae,Eriococcus,Eriococcus confusus,,,LGC03929M1,"Woombah, NSW",NSW,-29.35756,153.28413,Corymbia sp,Corymbia,Myrtaceae,1,0,0,0,0,NA,5,,,
,,LGC03939,Diaspididae,diaspidids,diaspidids,,,lgco3939,Australia,Qld,-27.498444,153.012258,Cupaniopsis sp,Cupaniopsis,Sapindaceae,0,0,0,0,0,NA,5,,,
,,LGC03946,Eriococcidae,Cylindrococcus,Cylindrococcus spiniferus,,,LGC03946,"Brooms Head, NSW",NSW,-29.588613,153.323133,Allocasuarin sp,Allocasuarin,Casuarinaceae,0,0,0,0,0,NA,5,,,
,,LGC03948.1,Eriococcidae,Eriococcus,Eriococcus s.l. 3,,,LGC03948.1,"Italy, NSW",NSW,-29.145011,153.316626,Eucalyptus microcorys,Eucalyptus,Myrtaceae,0,0,0,0,0,NA,5,,,
,,LGC03948.2,Eriococcidae,Eriococcus,Eriococcus s.l. 3,,,LGC03948.2,"Italy, NSW",NSW,-29.145011,153.316626,Eucalyptus microcorys,Eucalyptus,Myrtaceae,0,1,0,0,0,NA,5,,,
,,LGC03951F1,Coccidae,Cryptes,Cryptes baccatus,,,LGC03951F1,"Rocklea, Qld",Qld,-27.5415,152.9951,Acacia sp,Acacia,Fabaceae,0,1,0,0,0,NA,5,,,
,,LGC03951F2,Coccidae,Cryptes,Cryptes baccatus,,,LGC03951F2,"Rocklea, Qld",Qld,-27.5415,152.9951,Acacia sp,Acacia,Fabaceae,0,1,0,0,0,NA,5,y,,
,,LGC03951M1,Coccidae,Cryptes,Cryptes baccatus,,,LGC03951M1,"Rocklea, Qld",Qld,-27.5415,152.9951,Acacia sp,Acacia,Fabaceae,1,0,0,0,0,NA,5,,,
,,LGC03951M2,Coccidae,Cryptes,Cryptes baccatus,,,LGC03951M2,"Rocklea, Qld",Qld,-27.5415,152.9951,Acacia sp,Acacia,Fabaceae,1,0,0,0,0,NA,5,,,
,,LGC03989.1,Pseudococcidae,Pseudococcus,Pseudococcus sp2,,,LGC03989.1,"Helidon, Qld",Qld,-27.53974,152.13929,Psydrax odorata,Psydrax,Rubiaceae,0,0,0,0,0,NA,5,,,
,,LGC03989.2,Pseudococcidae,Pseudococcus,Pseudococcus sp2,,,LGC03989.2,"Helidon, Qld",Qld,-27.53974,152.13929,Psydrax odorata,Psydrax,Rubiaceae,0,0,0,0,0,NA,5,,,
,,LGC03547,Pseudococcidae,Ferrisia,Ferrisia dasylirii,,Fd.Col1,LGC03547,"Magdalena, Colombia",Colombia,11.201057,-74.100403,Mangifera indica,Mangifera,Anacardiaceae,0,0,0,0,0,NA,5,,,
,,LGC0551,Coccidae,Austrolecanium,Austrolecanium sassafras,,Asa.NSW2.1,LGC0551,"Dorrigo NP, NSW",NSW,-30.363628,152.729753,Doryphora sassafras,Doryphora,Atherospermataceae,0,0,0,0,0,NA,5,,,
,,LGC0727,Coccidae,Austrolecanium,Austrolecanium cryptocaryae,,Ac.Qld1.1,LGC0727,"D'Aguilar NP, Qld",Qld,-27.322322,152.767136,Cryptocarya microneura,Lauraceae,Lauraceae,0,0,0,1,0,NA,5,,,
,,LGC2279,Coccidae,Austrolecanium,Austrolecanium sassafras,,Asa.Qld1.1,LGC2279,"Lamington NP, Qld",Qld,-28.230739,153.136134,Doryphora sassafras,Doryphora,Atherospermataceae,0,0,0,0,0,NA,5,,,
,,LGC2300,Coccidae,Pulvinaria,Pulvinaria dodonaeae,,Pd.NT1.1,LGC2300,"Alice Springs, NT",NT,-23.707519,133.879781,Pandorea doratoxylon,Pandorea,Bignoniaceae,0,1,1,0,0,NA,5,,,
,,NA,Eriococcidae,Apiomorpha,Apiomorpha sp,,ApimorphaF,ApimorphaF,"Ipswich, Qld",Qld,-27.765009,152.437081,Eucalyptus sp,Eucalyptus,Myrtaceae,0,0,0,0,0,NA,5,,,
,,NA,Monophlebidae,Icerya,Icerya purchasi,3,I.PF1,,"Toowoong, Qld",Qld,-27.485327,152.991788,Unknown,Unknown,Unknown,0,0,0,0,0,NA,5,,,
,,NA,Eriococcidae,Eriococcus,Eriococcus sp,,Auburn.Erio,,Australia,Qld,-25.7121,151.0497,Acacia sp,Acacia,Fabaceae,1,0,0,0,0,NA,5,,,
,,NA,Monophlebidae,Icerya,Icerya purchasi,3,I.PM1,,"Toowoong, Qld",Qld,-27.485327,152.991788,Unknown,Unknown,Unknown,0,0,0,0,0,NA,5,,,
,,NA,Monophlebidae,Icerya,Icerya purchasi,,I.PF2,,"Toowoong, Qld",Qld,-27.485327,152.991788,Unknown,Unknown,Unknown,0,0,0,0,0,NA,5,,,
,,NA,Monophlebidae,Icerya,Icerya purchasi,3,Ip.Qld1.2,,"St Lucia, Qld",Qld,-27.4979,153.0109,Unknown,Unknown,Unknown,1,0,0,0,0,NA,5,,,
,,NA,Monophlebidae,Icerya,Icerya purchasi,3,Ip.Qld1.3,,"St Lucia, Qld",Qld,-27.4979,153.0109,Unknown,Unknown,Unknown,1,0,0,0,0,NA,5,,,
,,NA,Coccidae,Saissetia,Saissetia coffeae,3,S.coffeaeUQ1,,"St Lucia, Qld",Qld,-27.4979,153.0109,Unknown,Unknown,Unknown,1,0,0,0,0,NA,5,,,
,,NA,Pseudococcidae,,mealybug sp1,,Auburn.mealy2,,"Toowoong, Qld",Qld,-27.485327,152.991788,Unknown,Unknown,Unknown,0,0,0,0,0,NA,5,,,
,,NA,Pseudococcidae,Pseudococcus,Pseudococcus sp1,,Auburn.mealy1,,Australia,Qld,-25.7121,151.0497,Acacia sp,Acacia,Fabaceae,1,0,0,0,0,NA,5,,,
,,NA,Eriococcidae,Sphaerococcus,Sphaerococcus ferrugineus,3,Sf.UQ1,,"St Lucia, Qld",Qld,-27.4979,153.0109,Unknown,Unknown,Unknown,1,0,0,0,0,NA,5,,,
,,NA,Eriococcidae,Sphaerococcus,Sphaerococcus ferrugineus,3,Sf.UQ2,,"St Lucia, Qld",Qld,-27.4979,153.0109,Unknown,Unknown,Unknown,1,0,0,0,0,NA,5,,,
,,TPL 707 A1,Coccidae,Coccus,Coccus hesperidum,5,CH.C1.1,TPL 707 A1,"Shanghai, China",China,31.189294,121.326553,Radermachera sinica,Radermachera,Bignoniaceae,0,0,0,0,0,NA,5,,,
,,PJM00005,Eriococcidae,Apiomorpha,Apiomorpha sp. nov. nookara,,Asp.Qld3,,,Queensland,-31.91225,151.509056,Eucalyptus pauciflora,Eucalyptus,Myrtaceae,0,0,0,0,0,NA,5,,,
,,PJM00022,Eriococcidae,Apiomorpha,Apiomorpha variabilis,,Av.NSW1,,,New South Wales,-35.831472,150.208583,eucalyptus,Eucalyptus,Myrtaceae,1,0,0,0,0,NA,5,,,
,,PJM00031,Eriococcidae,Apiomorpha,Apiomorpha sessilis,,Ase.Qld1,,,Queensland,-27.611,153.180989,,,,0,0,0,0,0,NA,5,,,
,,PJM00037,Eriococcidae,Apiomorpha,Apiomorpha annulata,,Aan.Qld1,,,Queensland,-27.625575,153.091522,Eucalyptus carnea,Eucalyptus,Myrtaceae,0,0,0,0,0,NA,5,,,
,,PJM00039,Eriococcidae,Apiomorpha,Apiomorpha annulata,,Aan.Qld2,,,Queensland,-27.625575,153.091522,Eucalyptus carnea,Eucalyptus,Myrtaceae,0,0,0,0,0,NA,5,,,
,,PJM00090,Eriococcidae,Apiomorpha,Apiomorpha sp. nov. Clade 11,,Asp.Qld1,,,Queensland,-27.537561,153.21635,Eucalyptus racemosa,Eucalyptus,Myrtaceae,0,0,0,0,0,NA,5,,,
,,PJM00116,Eriococcidae,Apiomorpha,Apiomorpha ovicola Clade 8,,Ao.Qld2,,,New South Wales,-27.644444,153.275278,Eucalyptus pilularis,Eucalyptus,Myrtaceae,0,0,0,0,0,NA,5,,,
,,PJM00140,Eriococcidae,Apiomorpha,Apiomorpha sp. nov. Clade 11,,Asp.Qld2,,,Queensland,-27.50345,153.179792,Eucalyptus racemosa,Eucalyptus,Myrtaceae,0,0,0,0,0,NA,5,,,
,,PJM00155,Eriococcidae,Apiomorpha,Apiomorpha ovicola Clade 3,,Ao.NSW1,,,New South Wales,-33.928139,149.350111,Eucalyptus rossii,Eucalyptus,Myrtaceae,0,0,0,0,0,NA,5,,,
,,PJM00162,Eriococcidae,Apiomorpha,Apiomorpha ovicola Clade 3,,Ao.NSW2,,,New South Wales,-30.964933,149.418967,Eucalyptus macrorhyncha,Eucalyptus,Myrtaceae,0,0,0,0,0,NA,5,,,
,,PJM00170,Eriococcidae,Apiomorpha,Apiomorpha ovicola Clade 4,,Ao.NSW3,,,New South Wales,-30.284783,150.167311,Eucalyptus laevopinea,Eucalyptus,Myrtaceae,0,0,0,0,0,NA,5,,,
,,PJM00189,Eriococcidae,Apiomorpha,Apiomorpha variabilis,,Av.QLD2,,,Queensland,-27.548742,153.204517,Eucalyptus racemosa ,Eucalyptus,Myrtaceae,1,0,0,0,0,NA,5,,,
,,PJM00197,Eriococcidae,Apiomorpha,Apiomorpha spinifer,,Aspi.NSW1,,,New South Wales,-36.320833,148.477,Eucalyptus pauciflora,Eucalyptus,Myrtaceae,no,0,0,0,0,NA,5,,,
,,PJM00270,Eriococcidae,Apiomorpha,Apiomorpha ovicola Clade 2,,Ao.Qld1,,,Queensland,-28.828564,151.937428,Eucalyptus andrewsii,Eucalyptus,Myrtaceae,0,0,0,0,0,NA,5,,,
,,PJM00282,Eriococcidae,Apiomorpha,Apiomorpha ovicola Clade 6,,Ao.NSW5,,,New South Wales,-36.302469,150.124769,Eucalyptus globoidea,Eucalyptus,Myrtaceae,0,0,0,0,0,NA,5,,,
,,PJM00290,Eriococcidae,Apiomorpha,Apiomorpha nookara,,Ano.NSW1,,,New South Wales,-31.448431,152.894108,Eucalyptus racemosa,Eucalyptus,Myrtaceae,0,0,0,0,0,NA,5,,,
,,PJM00292,Eriococcidae,Apiomorpha,Apiomorpha ovicola Clade 8,,Ao.NSW7,,,New South Wales,-29.030715,153.437506,Eucalyptus pilularis,Eucalyptus,Myrtaceae,0,0,0,0,0,NA,5,,,
,,PJM00336,Eriococcidae,Apiomorpha,Apiomorpha sessilis,,Ase.NSW1,,,New South Wales,-36.160497,150.097898,Eucalyptus globoidea,Eucalyptus,Myrtaceae,0,0,0,0,0,NA,5,,,
,,PJM00354,Eriococcidae,Apiomorpha,Apiomorpha ovicola Clade 9,,Ao.NSW8,,,New South Wales,-29.910227,153.068102,Eucalyptus pilularis,Eucalyptus,Myrtaceae,0,0,0,0,0,NA,5,,,
,,PJM00410,Eriococcidae,Apiomorpha,Apiomorpha ovicola Clade 4,,Ao.NSW4,,,New South Wales,-33.223635,150.226591,Eucalyptus macrorhyncha,Eucalyptus,Myrtaceae,0,0,0,0,0,NA,5,,,
,,PJM00424,Eriococcidae,Apiomorpha,Apiomorpha annulata,,Aan.NSW1,,,New South Wales,-31.52842,152.79431,Eucalyptus mahogany,Eucalyptus,Myrtaceae,0,0,0,0,0,NA,5,,,
,,PJM00430,Eriococcidae,Apiomorpha,Apiomorpha ovicola Clade 6,,Ao.NSW6,,,New South Wales,-35.071253,150.17066,Eucalyptus globoidea,Eucalyptus,Myrtaceae,0,0,0,0,0,NA,5,,,
,,PJM00444,Eriococcidae,Apiomorpha,Apiomorpha nookara,,Ano.NSW2,,,New South Wales,-31.328629,152.868897,Eucalyptus racemosa,Eucalyptus,Myrtaceae,0,0,0,0,0,NA,5,,,
,,TPL 707 A2,Coccidae,Coccus,Coccus hesperidum,5,CH.C1.2,TPL 707 A2,"Shanghai, China",China,31.189294,121.326553,Radermachera sinica,Radermachera,Bignoniaceae,0,0,0,0,0,NA,5,,,
,,TPL 707 A3,Coccidae,Coccus,Coccus hesperidum,5,CH.C1.3,TPL 707 A3,"Shanghai, China",China,31.189294,121.326553,Radermachera sinica,Radermachera,Bignoniaceae,0,0,0,0,0,NA,5,,,
,,TPL 707 A4,Coccidae,Coccus,Coccus hesperidum,5,CH.C1.4,TPL 707 A4,"Shanghai, China",China,31.189294,121.326553,Radermachera sinica,Radermachera,Bignoniaceae,0,0,0,0,0,NA,5,,,
,,TPL 707 P1,Coccidae,Coccus,Coccus hesperidum,5,CH.C1.5,TPL 707 P1,"Shanghai, China",China,31.189294,121.326553,Radermachera sinica,Radermachera,Bignoniaceae,0,0,0,0,0,NA,5,,,
,,YPL 488 A1,Coccidae,Coccus,Coccus formicarii,5,CF.C1.1,YPL 488 A1,"Guangzhou, China",China,23.187536,113.364368,Camellia chrysanthera,Camellia,Theaceae,0,0,0,0,0,NA,5,,,
,,YPL 488 A3 (kpl),Coccidae,Coccus,Coccus formicarii,5,CF.C1.3,YPL 488 A3,"Guangzhou, China",China,23.187536,113.364368,Camellia chrysanthera,Camellia,Theaceae,0,0,0,0,0,NA,5,,,
,,YPL 488 A2,Coccidae,Coccus,Coccus formicarii,,CF.C1.2,YPL 488 A2,"Guangzhou, China",China,23.187536,113.364368,Camellia chrysanthera,Camellia,Theaceae,0,0,0,0,0,NA,5,,,
,,YPL 488 A4 (kpl),Coccidae,Coccus,Coccus formicarii,5,CF.C1.4,YPL 488 A4,"Guangzhou, China",China,23.187536,113.364368,Camellia chrysanthera,Camellia,Theaceae,0,0,0,0,0,NA,5,,,
,,YPL 515 A1,Coccidae,Coccus,Coccus formicarii,5,CF.T2.1,YPL 515 A1,"Taichung City, Taiwan",Taiwan,24.264595,120.83372,Ficus virgata,Ficus,Moraceae,0,0,0,0,0,NA,5,,,
,,YPL 515 A1 A2?,Coccidae,Coccus,Coccus formicarii,5,CF.T2.2,YPL 515 A1,"Taichung City, Taiwan",Taiwan,24.264595,120.83372,Ficus virgata,Ficus,Moraceae,0,0,0,0,0,NA,5,,,
,,YPL 515 A1 A3?,Coccidae,Coccus,Coccus formicarii,5,CF.T2.3,YPL 515 A1,"Taichung City, Taiwan",Taiwan,24.264595,120.83372,Ficus virgata,Ficus,Moraceae,0,0,0,0,0,NA,5,,,
,,YPL 515 N1,Coccidae,Coccus,Coccus formicarii,5,CF.T2.4,YPL 515 N1,"Taichung City, Taiwan",Taiwan,24.264595,120.83372,Ficus virgata,Ficus,Moraceae,0,0,0,0,0,NA,5,,,
,,YPL 515 N2,Coccidae,Coccus,Coccus formicarii,5,CF.T2.5,YPL 515 N2,"Taichung City, Taiwan",Taiwan,24.264595,120.83372,Ficus virgata,Ficus,Moraceae,0,0,0,0,0,NA,5,,,
,,YPL 543.1,Coccidae,Coccus,Coccus pseudomagnoliarum,5,CP.C1.1,YPL 543.1,"O'Connor, ACT",ACT,-35.2559,149.1149,Citrus sp,Citrus,Rutaceae,0,0,0,0,0,NA,5,,,
,,YPL 886 A1 (kpl?),Coccidae,Saissetia,Saissetia sp ,5,SS.B1.1,YPL 886 A1,"St Lucia, Qld",Qld,-27.497868,153.012381,Psydrax odorata,Psydrax,Rubiaceae,0,0,1,0,0,NA,5,,,
,,YPL 543.1,Coccidae,Coccus,Coccus pseudomagnoliarum,,CP.C1.2,YPL 543.1,"O'Connor, ACT",ACT,-35.2559,149.1149,Citrus sp,Citrus,Rutaceae,1,0,0,0,0,NA,5,,,
,,YPL 543.1,Coccidae,Coccus,Coccus pseudomagnoliarum,,CP.C1.3,YPL 543.1,"O'Connor, ACT",ACT,-35.2559,149.1149,Citrus sp,Citrus,Rutaceae,0,0,0,0,0,sphingomos,5,,,
,,YPL 886 A2 (kpl?),Coccidae,Saissetia,Saissetia sp ,5,SS.B1.2,YPL 886 A2,"St Lucia, Qld",Qld,-27.497868,153.012381,Psydrax odorata,Psydrax,Rubiaceae,0,0,0,0,0,NA,5,,,
,,YPL00001,Coccidae,Cryptes,Cryptes baccatus,3,Cb.Qld1.1,YPL00001,"White Rock, Qld",Qld,-27.677218,152.848913,Acacia sp,Acacia,Fabaceae,0,1,0,0,0,NA,5,y,,
,,YPL00001,Coccidae,Cryptes,Cryptes baccatus,3,Cb.Qld1.3,YPL00001,"White Rock, Qld",Qld,-27.677218,152.848913,Acacia sp,Acacia,Fabaceae,0,1,0,0,0,NA,5,y,135.86,
,,YPL00001,Coccidae,Cryptes,Cryptes baccatus,,Cb.Qld1.2,YPL00001,"White Rock, Qld",Qld,-27.677218,152.848913,Acacia sp,Acacia,Fabaceae,0,0,0,0,0,NA,5,y,,
,,YPL00257,Coccidae,Cryptes,Cryptes baccatus,3,Cb.Qld3.M3,YPL00257,"St Lucia, Qld",Qld,-27.498503,153.011671,Acacia aulacocarpa,Acacia,Fabaceae,1,1,0,0,0,NA,5,y,,
,,YPL00001,Coccidae,Cryptes,Cryptes baccatus,,Cb.Qld1.4,YPL00001,"White Rock, Qld",Qld,-27.677218,152.848913,Acacia sp,Acacia,Fabaceae,0,0,0,0,0,NA,5,y,,
,,YPL00001,Coccidae,Cryptes,Cryptes baccatus,,Cb.Qld1.N1,YPL00001,"White Rock, Qld",Qld,-27.677218,152.848913,Acacia sp,Acacia,Fabaceae,0,0,0,0,0,NA,5,y,,
,,YPL00002,Coccidae,Cryptes,Cryptes baccatus,,Cb.Qld2.1,YPL00002,"Mt. Nebo, Qld",Qld,-27.417189,152.839331,Acacia sp,Acacia,Fabaceae,0,0,0,0,0,NA,5,y,,
,,YPL00002,Coccidae,Cryptes,Cryptes baccatus,,Cb.Qld2.2,YPL00002,"Mt. Nebo, Qld",Qld,-27.417189,152.839331,Acacia sp,Acacia,Fabaceae,0,0,0,0,0,NA,5,y,,
,,YPL00002,Coccidae,Cryptes,Cryptes baccatus,,Cb.Qld2.3,YPL00002,"Mt. Nebo, Qld",Qld,-27.417189,152.839331,Acacia sp,Acacia,Fabaceae,0,0,0,0,0,NA,5,y,,
,,YPL00002,Coccidae,Cryptes,Cryptes baccatus,,Cb.Qld2.4,YPL00002,"Mt. Nebo, Qld",Qld,-27.417189,152.839331,Acacia sp,Acacia,Fabaceae,1,0,0,0,0,NA,5,y,,
,,YPL00076,Coccidae,Coccus,Coccus hesperidum,,Ch.Qld2.1,YPL00076,"St Lucia, Qld",Qld,-27.497868,153.012381,Morus sp,Morus,Moraceae,0,0,0,0,0,NA,5,,,
,,YPL00079,Coccidae,Saissetia,Saissetia coffeae,,Sc.Qld4.1,YPL00079,"Bardon, Qld",Qld,-27.4595,152.9755,Macrozamia communis,Macrozamia,Cycadaceae,0,0,0,0,0,NA,5,,,
,,YPL00081,Coccidae,Coccus,Coccus hesperidum,,Ch.Qld3.1,YPL00081,"St Lucia, Qld",Qld,-27.496988,153.018712,Morus sp,Morus,Moraceae,0,0,0,0,0,NA,5,,,
,,YPL00087,Coccidae,Coccus,Coccus viridis,,Cv.Qld2.1,YPL00087,"St Lucia, Qld",Qld,-27.497868,153.012381,Ixora chinensis,Ixora,Rubiaceae,0,0,0,0,0,NA,5,,,
,,YPL00094 A1,Coccidae,Coccus,Coccus formicarii,,CF.T1.1,YPL00094 A1,"Taipei County, Taiwan",Taiwan,25.221653,121.642519,Ficus microcarpa,Ficus,Moraceae,1,0,0,0,0,NA,5,,,
,,YPL00094 A2,Coccidae,Coccus,Coccus formicarii,,CF.T1.2,YPL00094 A2,"Taipei County, Taiwan",Taiwan,25.221653,121.642519,Ficus microcarpa,Ficus,Moraceae,1,0,0,0,0,NA,5,,,
,,YPL00128,Coccidae,Coccus,Coccus hesperidum,,Ch.Qld1.1,YPL00128,"Mowbray Park Ferry, Qld",Qld,-27.477719,153.042995,Bauhinia variegata,Bauhinia,Fabaceae,0,0,0,0,0,NA,5,,,
,,YPL00128,Coccidae,Coccus,Coccus hesperidum,,Ch.Qld1.2,YPL00128,"Mowbray Park Ferry, Qld",Qld,-27.477719,153.042995,Bauhinia variegata,Bauhinia,Fabaceae,0,0,0,0,0,NA,5,,,
,,YPL00128,Coccidae,Coccus,Coccus hesperidum,,Ch.Qld1.3,YPL00128,"Mowbray Park Ferry, Qld",Qld,-27.477719,153.042995,Bauhinia variegata,Bauhinia,Fabaceae,0,0,0,0,0,NA,5,,,
,,YPL00131,Coccidae,Eucalymnatus,Eucalymnatus tessellatus,,Et.TW1,YPL00131,"Taipei, Taiwan",Taiwan,25.01776,121.539683,Barringtonia racemosa,Barringtonia,Lecythidaceae,0,0,0,0,0,NA,5,,,
,,YPL00239,Coccidae,Parasaissetia,Parasaissetia nigra,,Pn.GH1,YPL00239,"Ankasa, Ghana",Ghana,5.8128,-2.7531,Unknown,Unknown,Unknown,1,0,0,0,0,NA,5,,,
,,YPL00252,Coccidae,Coccus,Coccus pseudomagnoliarum,,Cp.US1,YPL00252,"CA, USA",USA,38.537972,-121.761455,Citrus sp,Citrus,Rutaceae,0,0,0,0,0,NA,5,,,
,,YPL00257,Coccidae,Cryptes,Cryptes baccatus,1,Cb.Qld3.M4,YPL00257,"St Lucia, Qld",Qld,-27.498503,153.011671,Acacia aulacocarpa,Acacia,Fabaceae,1,0,0,0,0,NA,5,y,,
,,YPL00257,Coccidae,Cryptes,Cryptes baccatus,3,Cb.Qld3.1,YPL00257,"St Lucia, Qld",Qld,-27.498503,153.011671,Acacia aulacocarpa,Acacia,Fabaceae,1,0,0,0,0,NA,5,,,
,,YPL00257,Coccidae,Cryptes,Cryptes baccatus,3,Cb.Qld3.4,YPL00257,"St Lucia, Qld",Qld,-27.498503,153.011671,Acacia aulacocarpa,Acacia,Fabaceae,1,0,0,0,0,NA,5,,,
,,YPL00257,Coccidae,Cryptes,Cryptes baccatus,,Cb.Qld3.2,YPL00257,"St Lucia, Qld",Qld,-27.498503,153.011671,Acacia aulacocarpa,Acacia,Fabaceae,0,0,0,0,0,NA,5,y,,
,,YPL00257,Coccidae,Cryptes,Cryptes baccatus,,Cb.Qld3.3,YPL00257,"St Lucia, Qld",Qld,-27.498503,153.011671,Acacia aulacocarpa,Acacia,Fabaceae,1,0,0,0,0,NA,5,y,,
,,YPL00264,Coccidae,Pulvinaria,Pulvinaria dodonaeae,1,Pd.NSW1.1,YPL00264,"Yathong Natural Reserve, NSW",NSW,-32.719964,145.616958,Myoporum platycarpum,Myoporum,Scrophulariaceae ,0,0,0,0,0,NA,5,,,
,,YPL00257,Coccidae,Cryptes,Cryptes baccatus,,Cb.Qld3.M1,YPL00257,"St Lucia, Qld",Qld,-27.498503,153.011671,Acacia aulacocarpa,Acacia,Fabaceae,0,0,0,0,0,NA,5,,,
,,YPL00257,Coccidae,Cryptes,Cryptes baccatus,,Cb.Qld3.M2,YPL00257,"St Lucia, Qld",Qld,-27.498503,153.011671,Acacia aulacocarpa,Acacia,Fabaceae,1,0,0,0,0,NA,5,y,,
,,YPL00259-1,Coccidae,Saissetia,Saissetia coffeae,,Sc.Qld5.1,YPL00259-1,"St Lucia, Qld",Qld,-27.499192,153.011392,Cycas sp,Cycas,Cycadaceae,0,0,0,0,0,NA,5,,,
,,YPL00262,Coccidae,Coccus,Coccus viridis,,CV.NSW1.1 (cl.NSW1.1) (coccus longulus?),YPL00262,"Narrabri, NSW",NSW,-30.328522,149.782425,Unknown,Unknown,Sapindaceae,0,0,0,0,0,NA,5,,,
,,YPL00262,Coccidae,Coccus,Coccus viridis,,CV.NSW1.2 (cl.NSW 1.2),YPL00262,"Narrabri, NSW",NSW,-30.328522,149.782425,Unknown,Unknown,Sapindaceae,0,0,1,0,0,NA,5,,,
,,YPL00262,Coccidae,Coccus,Coccus viridis,,CV.NSW1.3 (cl.Nsw 1.3),YPL00262,"Narrabri, NSW",NSW,-30.328522,149.782425,Unknown,Unknown,Sapindaceae,0,0,0,0,0,NA,5,,,
,,YPL00262,Coccidae,Coccus,Coccus viridis,,CV.NSW1.4 (c1.nsw 1.4),YPL00262,"Narrabri, NSW",NSW,-30.328522,149.782425,Unknown,Unknown,Sapindaceae,0,0,0,0,0,NA,5,,,
,,YPL00264,Coccidae,Pulvinaria,Pulvinaria dodonaeae,1,Pd.NSW1.3,YPL00264,"Yathong Natural Reserve, NSW",NSW,-32.719964,145.616958,Myoporum platycarpum,Myoporum,Scrophulariaceae ,0,0,0,1,0,NA,5,,,
,,YPL00270,Coccidae,Saissetia,Saissetia miranda,1,Sm.Qld1.2,YPL00270,"St George, Qld",Qld,-27.994409,148.616533,Bauhinia sp,Bauhinia,Fabaceae,1,0,0,1,0,NA,5,,,
,,YPL00270,Coccidae,Saissetia,Saissetia miranda,1,Sm.Qld1.3,YPL00270,"St George, Qld",Qld,-27.994409,148.616533,Bauhinia sp,Bauhinia,Fabaceae,1,0,0,0,0,NA,5,,,
,,YPL00270,Coccidae,Saissetia,Saissetia miranda,3,Sm.Qld1.1,YPL00270,"St George, Qld",Qld,-27.994409,148.616533,Bauhinia sp,Bauhinia,Fabaceae,1,0,0,0,0,NA,5,,,
,,YPL00278,Coccidae,Paralecanium,Paralecanium frenchii,1,Pf.Qld1.1,YPL00278,"North Stradbroke Island, Qld",Qld,-27.4333,153.5214,Banksia integrifolia,Banksia,Proteaceae,0,0,0,0,0,NA,5,,,
,,YPL00270,Coccidae,Saissetia,Saissetia miranda,,Sm.Qld1.4,YPL00270,"St George, Qld",Qld,-27.994409,148.616533,Bauhinia sp,Bauhinia,Fabaceae,1,0,0,0,0,NA,5,,,
,,YPL00275,Coccidae,Coccus,Coccus viridis,,Cv.Qld1.1,YPL00275,"St Lucia, Qld",Qld,-27.4979,153.0109,Gardenia sp,Gardenia,Rubiaceae,0,0,0,0,0,NA,5,,,
,,YPL00278,Coccidae,Paralecanium,Paralecanium frenchii,1,Pf.Qld1.2,YPL00278,"North Stradbroke Island, Qld",Qld,-27.4333,153.5214,Banksia integrifolia,Banksia,Proteaceae,0,0,0,0,0,NA,5,,,
,,YPL00278,Coccidae,Paralecanium,Paralecanium frenchii,1,Pf.Qld1.3,YPL00278,"North Stradbroke Island, Qld",Qld,-27.4333,153.5214,Banksia integrifolia,Banksia,Proteaceae,0,0,0,0,0,NA,5,,,
,,YPL00282,Coccidae,Ceroplastes,Ceroplastes rubens,1,Cr.Qld1.1,YPL00282,"Goondiwindi, Qld",Qld,-27.2224,145.2884,Syzygium sp,Syzygium,Myrtaceae,0,0,0,1,0,NA,5,,,
,,YPL00282,Coccidae,Ceroplastes,Ceroplastes rubens,1,Cr.Qld1.2,YPL00282,"Goondiwindi, Qld",Qld,-27.2224,145.2884,Syzygium sp,Syzygium,Myrtaceae,0,0,0,1,0,NA,5,,,
,,YPL00282,Coccidae,Ceroplastes,Ceroplastes rubens,1,Cr.Qld1.3,YPL00282,"Goondiwindi, Qld",Qld,-27.2224,145.2884,Syzygium sp,Syzygium,Myrtaceae,0,0,0,1,0,NA,5,,,
,,YPL00356,Coccidae,Parasaissetia,Parasaissetia nigra,5,Pn.Qld1.2,YPL00356,"St Lucia, Qld",Qld,-27.4979,153.0109,Hymenosporum flavum,Hymenosporum,Pittosporaceae,0,0,0,0,0,NA,5,,,
,,YPL00285,Coccidae,Saissetia,Saissetia coffeae,,Sc.SAf1,YPL00285,"Pretoria, South Africa",South Africa,-25.715825,28.214378,Tecoma stans,Tecoma,Bignoniaceae,0,0,0,0,0,NA,5,,,
,,YPL00288,Coccidae,Ceroplastes,Ceroplastes ceriferus,,Cce.Qld1.1,YPL00288,"North Stradbroke Island, Qld",Qld,-27.6007,153.424,Pteridium aquilinum,Pteridium,Dennstaedtiaceae,0,0,0,0,0,NA,5,,,
,,YPL00291,Coccidae,Coccus,Coccus praetermissus,,Cpr.TW3,YPL00291,"Hengchuen, Taiwan",Taiwan,21.926279,120.831635,Calophyllum inophyllum,Calophyllum,Clusiaceae,0,0,0,0,0,NA,5,,,
,,YPL00316,Coccidae,Coccus,Coccus longulus,,Cl.Qld3.1,YPL00316,"St Lucia, Qld",Qld,-27.4979,153.0109,Monstera deliciosa,Monstera,Araceae,0,0,0,0,0,NA,5,,,
,,YPL00328,Coccidae,Coccus,Coccus longulus,,Cl.Qld4.1,YPL00328,"St Lucia, Qld",Qld,-27.4979,153.0109,Unknown,Unknown,Unknown,0,0,0,0,0,NA,5,,,
,,YPL00341,Coccidae,Coccus,Coccus longulus,,Cl.Qld1.1,YPL00341,"Brisbane CBD, Qld",Qld,-27.468585,153.023765,Ficus pandurata ,Ficus,Moraceae,0,0,0,0,0,NA,5,,,
,,YPL00341,Coccidae,Coccus,Coccus longulus,,Cl.Qld1.3,YPL00341,"Brisbane CBD, Qld",Qld,-27.468585,153.023765,Ficus pandurata ,Ficus,Moraceae,0,0,0,0,0,NA,5,,,
,,YPL00356,Coccidae,Parasaissetia,Parasaissetia nigra,,Pn.Qld1.1,YPL00356,"St Lucia, Qld",Qld,-27.4979,153.0109,Hymenosporum flavum,Hymenosporum,Pittosporaceae,0,0,0,0,0,NA,5,,,
,,YPL00356,Coccidae,Parasaissetia,Parasaissetia nigra,5,Pn.Qld1.3,YPL00356,"St Lucia, Qld",Qld,-27.4979,153.0109,Hymenosporum flavum,Hymenosporum,Pittosporaceae,0,0,0,0,0,NA,5,,,
,,YPL00356,Coccidae,Parasaissetia,Parasaissetia nigra,5,Pn.Qld1.4,YPL00356,"St Lucia, Qld",Qld,-27.4979,153.0109,Hymenosporum flavum,Hymenosporum,Pittosporaceae,0,0,0,0,0,NA,5,,,
,,YPL00356,Coccidae,Parasaissetia,Parasaissetia nigra,5,Pn.Qld1.5,YPL00356,"St Lucia, Qld",Qld,-27.4979,153.0109,Hymenosporum flavum,Hymenosporum,Pittosporaceae,0,0,0,0,0,NA,5,,,
,,YPL00371-4,Coccidae,Saissetia,Saissetia coffeae,1,Sc.Qld2.1,YPL00371-4,"Indooroopilly, Qld",Qld,-27.503198,152.969646,Solanum melongena,Solanum,Solanaceae,0,0,0,0,0,NA,5,,,
,,YPL00368,Coccidae,Saissetia,Saissetia coffeae,,Sc.TW1,YPL00368,"Hualien County, Taiwan",Taiwan,23.803976,121.458432,Eucommia ulmoides,Eucommia,Eucommiaceae,0,0,0,0,0,NA,5,,,
,,YPL00371-2,Coccidae,Saissetia,Saissetia coffeae,,Sc.Qld2.4,YPL00371-2,"Indooroopilly, Qld",Qld,-27.503198,152.969646,Solanum melongena,Solanum,Solanaceae,0,0,0,0,0,NA,5,,,
,,YPL00371-4,Coccidae,Saissetia,Saissetia coffeae,1,Sc.Qld2.2,YPL00371-4,"Indooroopilly, Qld",Qld,-27.503198,152.969646,Solanum melongena,Solanum,Solanaceae,0,0,0,1,0,NA,5,,,
,,YPL00371-4,Coccidae,Saissetia,Saissetia coffeae,1,Sc.Qld2.3,YPL00371-4,"Indooroopilly, Qld",Qld,-27.503198,152.969646,Solanum melongena,Solanum,Solanaceae,0,0,0,0,0,NA,5,,,
,,YPL00372,Coccidae,Ceronema,Ceronema caudatum,3,Cc.Qld1.1,YPL00372,"Alexandra Hills, Qld",Qld,-27.3533333,154.0633333,Corymbia sp,Corymbia,Myrtaceae,1,0,0,0,0,NA,5,,,
,,YPL00372,Coccidae,Ceronema,Ceronema caudatum,3,Cc.Qld1.2,YPL00372,"Alexandra Hills, Qld",Qld,-27.3533333,154.0633333,Corymbia sp,Corymbia,Myrtaceae,1,1,0,0,0,NA,5,,,
,,YPL00372,Coccidae,Ceronema,Ceronema caudatum,3,Cc.Qld1.3,YPL00372,"Alexandra Hills, Qld",Qld,-27.3533333,154.0633333,Corymbia sp,Corymbia,Myrtaceae,1,0,0,0,0,NA,5,,,
,,YPL00450,Coccidae,Pulvinaria,Pulvinaria neocellulosa,1,Pne.Qld1.1,YPL00450,"Toowoomba, Qld",Qld,-27.561883,151.985511,Murraya paniculata ,Murraya,Rutaceae,0,0,0,0,0,NA,5,,,
,,YPL00381,Coccidae,Saissetia,Saissetia coffeae,,Sc.GR1,YPL00381,"Crete Island, Greece",Greece,35.510709,24.026114,Olea europaea,Olea,Oleaceae,0,0,0,0,0,NA,5,,,
,,YPL00386,Coccidae,Coccus,Coccus hesperidum,,Ch.GR1,YPL00386,"Crete Island, Greece",Greece,35.494282,24.048363,Nerium indicum,Nerium,Apocynaceae,0,0,0,0,0,NA,5,,,
,,YPL00394,Coccidae,Pulvinaria,Pulvinaria floccifera,,Pp.UK1,YPL00394,"London, UK",UK,51.477728,-0.295798,Camellia japonica,Camellia,Theaceae,0,0,0,1,0,NA,5,,,
,,YPL00430,Coccidae,Ceronema,Ceronema caudatum,,Cc.Qld2.1,YPL00430,"Glasshouse Mt NP, Qld",Qld,-26.933528,152.950429,Eucalyptus sp,Eucalyptus,Myrtaceae,1,0,0,0,0,NA,5,,,
,,YPL00433,Coccidae,Coccus,Coccus longulus,,Cl.Qld2.1,YPL00433,"Glasshouse Mt NP, Qld",Qld,-26.933528,152.950429,Acacia sp,Acacia,Fabaceae,0,0,0,0,0,NA,5,,,
,,YPL00433,Coccidae,Coccus,Coccus longulus,,Cl.Qld2.2,YPL00433,"Glasshouse Mt NP, Qld",Qld,-26.933528,152.950429,Acacia sp,Acacia,Fabaceae,0,0,0,0,0,NA,5,,,
,,YPL00433,Coccidae,Coccus,Coccus longulus,,Cl.Qld2.3,YPL00433,"Glasshouse Mt NP, Qld",Qld,-26.933528,152.950429,Acacia sp,Acacia,Fabaceae,0,0,0,0,0,NA,5,,,
,,YPL00438,Coccidae,Coccus,Coccus hesperidum,,Ch.SP1,YPL00438,"Valencia, Spain",Spain,39.47642,-0.38651,Laurus nobilis,Laurus,Lauraceae,0,0,0,0,0,NA,5,,,
,,YPL00450,Coccidae,Pulvinaria,Pulvinaria neocellulosa,1,Pne.Qld1.2,YPL00450,"Toowoomba, Qld",Qld,-27.561883,151.985511,Murraya paniculata ,Murraya,Rutaceae,0,0,0,0,0,NA,5,,,
,,YPL00501,Coccidae,Megapulvinaria,Megapulvinaria maskelli,1,Mm.NSW1.1,YPL00501,"Wauchope, NSW",NSW,-31.397294,152.751416,Jacksonia scoparia,Jacksonia,Fabaceae,0,0,0,1,0,NA,5,,,
,,YPL00464,Coccidae,Saissetia,Saissetia coffeae,,Sc.MA1,YPL00464," Kuala Lumpur, Malaysia",Malaysia,3.1431,101.6883,Ixora chinensis,Ixora,Rubiaceae,0,0,0,0,0,NA,5,,,
,,YPL00499,Coccidae,Parasaissetia,Parasaissetia nigra,,Pn.NZ1,YPL00499,"Napier, NZ",NZ,-38.4879,177.314,Pittosporum eugenioides,Pittosporum,Pittosporaceae,0,0,0,0,0,NA,5,,,
,,YPL00501,Coccidae,Megapulvinaria,Megapulvinaria maskelli,1,Mm.NSW1.2,YPL00501,"Wauchope, NSW",NSW,-31.397294,152.751416,Jacksonia scoparia,Jacksonia,Fabaceae,0,0,0,1,0,NA,5,,,
,,YPL00501,Coccidae,Megapulvinaria,Megapulvinaria maskelli,1,Mm.NSW1.3,YPL00501,"Wauchope, NSW",NSW,-31.397294,152.751416,Jacksonia scoparia,Jacksonia,Fabaceae,0,0,0,0,0,NA,5,,,
,,YPL00521,Coccidae,Saissetia,Saissetia oleae,2,So.SA1.1,YPL00521,"Riverbend Caravan Park, SA",SA,-34.179298,140.775157,Nerium oleander ,Nerium,Apocynaceae,0,0,0,0,0,NA,5,,,
,,YPL00502,Coccidae,Saissetia,Saissetia coffeae,,Sc.NZ1,YPL00502," Auckland, NZ",NZ,-36.906561,174.631787,Citrus sp,Citrus,Rutaceae,0,0,0,0,0,NA,5,,,
,,YPL00508,Coccidae,Saissetia,Saissetia miranda,,Sm.TW1,YPL00508,"Nantou County, Taiwan",Taiwan,24.040258,120.86788,Ficus superba ,Ficus,Moraceae,0,0,0,0,0,NA,5,,,
,,YPL00521,Coccidae,Saissetia,Saissetia oleae,2,So.SA1.2,YPL00521,"Riverbend Caravan Park, SA",SA,-34.179298,140.775157,Nerium oleander ,Nerium,Apocynaceae,0,0,0,0,0,NA,5,,,
,,YPL00521,Coccidae,Saissetia,Saissetia oleae,2,So.SA1.3,YPL00521,"Riverbend Caravan Park, SA",SA,-34.179298,140.775157,Nerium oleander ,Nerium,Apocynaceae,0,0,0,0,0,NA,5,,,
,,YPL00521,Coccidae,Saissetia,Saissetia oleae,,So.SA1.4,YPL00521,"Riverbend Caravan Park, SA",SA,-34.179298,140.775157,Nerium oleander ,Nerium,Apocynaceae,0,0,0,0,0,NA,5,,,
,,YPL00530,Pseudococcidae,Dysmicoccus,Dysmicoccus banksi,3,Db.NSW1.1,YPL00530,"Newnes, NSW",NSW,-33.195254,150.244832,Acacia sp,Acacia,Fabaceae,0,1,0,0,0,NA,5,,,
,,YPL00523,Coccidae,Coccus,Coccus hesperidum,,Ch.VIC2.1,YPL00523,"Carlton, Vic",Vic,-37.796323,144.96436,Camellia sp,Camellia,Theaceae,0,0,0,0,0,NA,5,,,
,,YPL00524,Coccidae,Coccus,Coccus hesperidum,,Ch.VIC1.1,YPL00524,"Carlton, Vic",Vic,-37.796323,144.96436,Camellia sp,Camellia,Theaceae,0,0,0,0,0,NA,5,,,
,,YPL00524,Coccidae,Coccus,Coccus hesperidum,,Ch.VIC1.2,YPL00524,"Carlton, Vic",Vic,-37.796323,144.96436,Camellia sp,Camellia,Theaceae,0,0,0,0,0,NA,5,,,
,,YPL00524,Coccidae,Coccus,Coccus hesperidum,,Ch.VIC1.3,YPL00524,"Carlton, Vic",Vic,-37.796323,144.96436,Camellia sp,Camellia,Theaceae,0,0,0,0,0,NA,5,,,
,,YPL00530,Pseudococcidae,Dysmicoccus,Dysmicoccus banksi,3,Db.NSW1.2,YPL00530,"Newnes, NSW",NSW,-33.195254,150.244832,Acacia sp,Acacia,Fabaceae,0,1,0,0,0,NA,5,,,
,,YPL00547,Coccidae,Akermes,Akermes scrobiculatus,3,As.ACT1.1,YPL00547,"Acton, ACT",ACT,-35.274927,149.11475,Acacia sp,Acacia,Fabaceae,1,0,0,0,0,NA,5,,,
,,YPL00539,Coccidae,Coccus,Coccus longulus,,Cl.NC1,YPL00539,"Prony, New Caledonia",New Caledonia,-22.320325,166.823963,Unknown,Unknown,Fabaceae,0,0,0,0,0,NA,5,,,
,,YPL00543,Coccidae,Coccus,Coccus pseudomagnoliarum,,Cp.Qld5.1,YPL00543,"O'Connor, ACT",ACT,-35.2559,149.1149,Citrus sp,Citrus,Rutaceae,0,0,0,0,0,NA,5,,,
,,YPL00545,Coccidae,Coccus,Coccus pseudomagnoliarum,,Cp.Qld5.1,YPL00545,"O'Connor, ACT",ACT,-35.2559,149.1149,Citrus sp,Citrus,Rutaceae,0,0,0,0,0,NA,5,,,
,,YPL00547,Coccidae,Akermes,Akermes scrobiculatus,,As.ACT1.3,YPL00547,"Acton, ACT",ACT,-35.274927,149.11475,Acacia sp,Acacia,Fabaceae,1,0,0,0,0,NA,5,,,
,,YPL00547,Coccidae,Akermes,Akermes scrobiculatus,3,As.ACT1.2,YPL00547,"Acton, ACT",ACT,-35.274927,149.11475,Acacia sp,Acacia,Fabaceae,1,0,0,0,0,NA,5,,,
,,YPL00574,Coccidae,Parasaissetia,Parasaissetia nigra,3,Pn.WA1.1,YPL00574,"Eucla, WA",WA,-31.6797,128.8804,Polygala sp,Polygala,Ploygalaceae,0,0,0,0,0,NA,5,,,
,,YPL00557,Coccidae,Coccus,Coccus hesperidum,,Ch.SAf1,YPL00557,"Worcester, South Africa",South Africa,-33.645746,19.445716,Ficus sp,Ficus,Moraceae,0,0,0,0,0,NA,5,,,
,,YPL00563-1,Coccidae,Pulvinaria,Pulvinaria psidii,,Pp.Qld1.1,YPL00563-1,"St Lucia, Qld",Qld,-27.4979,153.0109,Xanthostemon chrysanthos,Xanthostemon,Myrtaceae,0,0,0,0,0,NA,5,,,
,,YPL00563-2,Coccidae,Pulvinaria,Pulvinaria psidii,,Pp.Qld1.2,YPL00563-2,"St Lucia, Qld",Qld,-27.4979,153.0109,Xanthostemon chrysanthos,Xanthostemon,Myrtaceae,0,0,0,0,0,NA,5,,,
,,YPL00564,Coccidae,Coccus,Coccus hesperidum,,Ch.Qld4.1,YPL00564,"St Lucia, Qld",Qld,-27.4979,153.0109,Murraya paniculata,Murraya,Rutaceae,0,0,0,0,0,NA,5,,,
,,YPL00574,Coccidae,Parasaissetia,Parasaissetia nigra,5,Pn.WA1.2,YPL00574,"Eucla, WA",WA,-31.6797,128.8804,Polygala sp,Polygala,Ploygalaceae,0,0,0,0,0,NA,5,,,
,,YPL00574,Coccidae,Parasaissetia,Parasaissetia nigra,5,Pn.WA1.3,YPL00574,"Eucla, WA",WA,-31.6797,128.8804,Polygala sp,Polygala,Ploygalaceae,0,0,0,0,0,NA,5,,,
,,YPL00582,Coccidae,Ceronema,Ceronema banksiae,1,Cba.NSW1.1,YPL00582,"Kungala, NSW",NSW,-29.944355,153.023371,Banksia sp,Banksia,Proteaceae,0,0,0,0,0,NA,5,,,
,,YPL00574,Coccidae,Parasaissetia,Parasaissetia nigra,,Pn.WA1.4,YPL00574,"Eucla, WA",WA,-31.6797,128.8804,Polygala sp,Polygala,Ploygalaceae,0,0,0,0,0,NA,5,,,
,,YPL00574,Coccidae,Parasaissetia,Parasaissetia nigra,,Pn.WA1.5,YPL00574,"Eucla, WA",WA,-31.6797,128.8804,Polygala sp,Polygala,Ploygalaceae,0,0,0,0,0,NA,5,,,
,,YPL00576,Pseudococcidae,Phenacoccus,Pseudococcus longispinus,,Pl.SW1,YPL00576,"Lund, Sweden",Sweden,55.705421,13.192728,Platycerium bifurcatum,Platycerium,Polypodiaceae,0,0,0,0,0,NA,5,,,
,,YPL00579-2,Coccidae,Saissetia,Saissetia coffeae,,Sc.NSW1.1,YPL00579-2,"Kungala, NSW",NSW,-29.944355,153.023371,Cycas revoluta,Cycas,Cycadaceae,0,0,0,0,0,NA,5,,,
,,YPL00581,Coccidae,Paralecanium,Paralecanium frenchii,,Pf.NSW1.1,YPL00581,"Kungala, NSW",NSW,-29.944355,153.023371,Banksia sp,Banksia,Proteaceae,0,0,0,0,0,NA,5,,,
,,YPL00582,Coccidae,Ceronema,Ceronema banksiae,1,Cba.NSW1.2,YPL00582,"Kungala, NSW",NSW,-29.944355,153.023371,Banksia sp,Banksia,Proteaceae,0,0,0,0,0,NA,5,,,
,,YPL00582,Coccidae,Ceronema,Ceronema banksiae,1,Cba.NSW1.3,YPL00582,"Kungala, NSW",NSW,-29.944355,153.023371,Banksia sp,Banksia,Proteaceae,0,0,0,0,0,NA,5,,,
,,YPL00583,Coccidae,Paralecanium,Paralecanium frenchii,1,Pf.NSW2.1,YPL00583,"Kungala, NSW",NSW,-29.944355,153.023371,Banksia sp,Banksia,Proteaceae,0,0,0,0,0,NA,5,,,
,,YPL00605,Coccidae,Eucalymnatus,Eucalymnatus tessellatus,5,Et.TS1.1,YPL00605,"Coconut Islands, Qld ",Qld,-10.03,143.0344,Musa sp,Musa,Musaceae,0,0,0,0,0,NA,5,,,
,,YPL00586,Coccidae,Coccus,Coccus hesperidum,,Ch.NT1.1,YPL00586,"Jingli, NT",NT,-12.38769,130.8748,Psidium guajava,Psidium,Myrtaceae,0,0,0,0,0,NA,5,,,
,,YPL00589,Monophlebidae,Icerya,Icerya seychellarum,,Is.NT1.1,YPL00589,"Jingli, NT",NT,-12.38769,130.8748,Psidium guajava,Psidium,Myrtaceae,0,0,0,0,0,NA,5,,,
,,YPL00589,Monophlebidae,Icerya,Icerya seychellarum,,Is.NT1.2,YPL00589,"Jingli, NT",NT,-12.38769,130.8748,Psidium guajava,Psidium,Myrtaceae,0,0,0,0,0,NA,5,,,
,,YPL00589,Monophlebidae,Icerya,Icerya seychellarum,,Is.NT1.3,YPL00589,"Jingli, NT",NT,-12.38769,130.8748,Psidium guajava,Psidium,Myrtaceae,0,0,0,0,0,NA,5,,,
,,YPL00592,Pseudococcidae,Phenacoccus,Phenacoccus solenopsis,,Ps.NT1.1,YPL00592,"Gray, NT",NT,-12.48895,130.9801,Abelmoschus esculentus,Abelmoschus,Malvaceae,0,0,0,0,0,NA,5,,,
,,YPL00592,Pseudococcidae,Phenacoccus,Phenacoccus solenopsis,,Ps.NT1.2,YPL00592,"Gray, NT",NT,-12.48895,130.9801,Abelmoschus esculentus,Abelmoschus,Malvaceae,0,0,0,0,0,NA,5,,,
,,YPL00592,Pseudococcidae,Phenacoccus,Phenacoccus solenopsis,,Ps.NT1.3,YPL00592,"Gray, NT",NT,-12.48895,130.9801,Abelmoschus esculentus,Abelmoschus,Malvaceae,0,0,0,0,0,NA,5,,,
,,YPL00605,Coccidae,Eucalymnatus,Eucalymnatus tessellatus,5,Et.TS1.2,YPL00605,"Coconut Islands, Qld ",Qld,-10.03,143.0344,Musa sp,Musa,Musaceae,0,0,0,0,0,NA,5,,,
,,YPL00605,Coccidae,Eucalymnatus,Eucalymnatus tessellatus,5,Et.TS1.3,YPL00605,"Coconut Islands, Qld ",Qld,-10.03,143.0344,Musa sp,Musa,Musaceae,0,0,0,0,0,NA,5,,,
,,YPL00605,Coccidae,Eucalymnatus,Eucalymnatus tessellatus,5,Et.TS1.5,YPL00605,"Coconut Islands, Qld ",Qld,-10.03,143.0344,Musa sp,Musa,Musaceae,0,0,0,0,0,NA,5,,,
,,YPL00605,Coccidae,Eucalymnatus,Eucalymnatus tessellatus,,Et.TS1.4,YPL00605,"Coconut Islands, Qld ",Qld,-10.03,143.0344,Musa sp,Musa,Musaceae,1,0,0,0,0,NA,5,,,
,,YPL00607,Coccidae,Pulvinaria,Pulvinaria urbicola,1,Pu.NT1.1,YPL00607,"Oenpelli, NT",NT,-12.19,133.3,Capsicum sp,Capsicum,Solanaceae,0,0,0,0,0,NA,5,,,
,,YPL00607,Coccidae,Pulvinaria,Pulvinaria urbicola,1,Pu.NT1.2,YPL00607,"Oenpelli, NT",NT,-12.19,133.3,Capsicum sp,Capsicum,Solanaceae,0,0,0,0,0,NA,5,,,
,,YPL00607,Coccidae,Pulvinaria,Pulvinaria urbicola,1,Pu.NT1.3,YPL00607,"Oenpelli, NT",NT,-12.19,133.3,Capsicum sp,Capsicum,Solanaceae,0,0,0,0,0,NA,5,,,
,,YPL00618,Coccidae,Coccus,Coccus hesperidum,,Ch.WA1.1,YPL00618,"Derby, WA",WA,-17.321082,123.648564,Mangifera indica,Mangifera,Anacardiaceae,0,0,0,0,0,NA,5,,,
,,YPL00618,Coccidae,Coccus,Coccus hesperidum,,Ch.WA1.2,YPL00618,"Derby, WA",WA,-17.321082,123.648564,Mangifera indica,Mangifera,Anacardiaceae,0,0,0,0,0,NA,5,,,
,,YPL00618,Coccidae,Coccus,Coccus hesperidum,,Ch.WA1.3,YPL00618,"Derby, WA",WA,-17.321082,123.648564,Mangifera indica,Mangifera,Anacardiaceae,0,0,0,0,0,NA,5,,,
,,YPL00619,Coccidae,Saissetia,Saissetia miranda,1,Sm.WA1.2,YPL00619,"Peter Fox, WA",WA,-15.3748,-128.428,Adansonia gregorii,Adansonia,Malvaceae,0,0,0,0,0,NA,5,,,
,,YPL00619,Coccidae,Saissetia,Saissetia miranda,1,Sm.WA1.3,YPL00619,"Peter Fox, WA",WA,-15.3748,-128.428,Adansonia gregorii,Adansonia,Malvaceae,0,0,0,0,0,NA,5,,,
,,YPL00619,Coccidae,Saissetia,Saissetia miranda,1,Sm.WA1.4,YPL00619,"Peter Fox, WA",WA,-15.3748,-128.428,Adansonia gregorii,Adansonia,Malvaceae,0,0,0,0,0,NA,5,,,
,,YPL00621,Coccidae,Parasaissetia,Parasaissetia nigra,3,Pn.NT1.1,YPL00621,"Gapuwiyak, NT",NT,-12.3018,135.4831,Morus sp,Morus,Moraceae,1,0,0,0,0,NA,5,,,
,,YPL00620,Coccidae,Parasaissetia,Parasaissetia nigra,,Pn.NT2.1,YPL00620,"Milingimbi, NT",NT,-12.66,134.554,Manihot esculenta,Manihot,Euphorbiaceae,1,0,0,0,0,NA,5,,,
,,YPL00632,Coccidae,Pulvinaria,Pulvinariella mesembryanthemi,1,Pm.Qld1.1,YPL00632,"St Lucia, Qld",Qld,-27.4979,153.0109,Carpobrotus glaucescens,Carpobrotus,Aizoaceae,0,0,0,0,0,NA,5,,,
,,YPL00621,Coccidae,Parasaissetia,Parasaissetia nigra,,Pn.NT1.2,YPL00621,"Gapuwiyak, NT",NT,-12.3018,135.4831,Morus sp,Morus,Moraceae,1,0,0,0,0,NA,5,,,
,,YPL00632,Coccidae,Pulvinaria,Pulvinariella mesembryanthemi,3,Pm.Qld1.3,YPL00632,"St Lucia, Qld",Qld,-27.4979,153.0109,Carpobrotus glaucescens,Carpobrotus,Aizoaceae,1,1,0,0,0,NA,5,,,
,,YPL00632,Coccidae,Pulvinaria,Pulvinariella mesembryanthemi,,Pm.Qld1.2,YPL00632,"St Lucia, Qld",Qld,-27.4979,153.0109,Carpobrotus glaucescens,Carpobrotus,Aizoaceae,0,0,0,0,0,NA,5,,,
,,YPL00689,Coccidae,Ceronema,Ceronema banksiae,1,Cba.NSW2.1,YPL00689,"Nothern Broadwater, NSW",NSW,-32.505585,152.303997,Banksia sp,Banksia,Proteaceae,0,0,0,0,0,NA,5,,,
,,YPL00647,Coccidae,Coccus,Coccus hesperidum,,Ch.TW1,YPL00647,"Pingtung, Taiwan",Taiwan,21.958616,120.811919,Cinnamomum kotoense,Cinnamomum,Lauraceae,0,0,0,0,0,NA,5,,,
,,YPL00661,Coccidae,Coccus,Coccus hesperidum,,Ch.CH1,YPL00661,"Shanxi, China",China,37.798964,112.585969,Clivia sp,Clivia,Amaryllidaceae,0,0,0,0,0,NA,5,,,
,,YPL00667,Coccidae,Saissetia,Saissetia coffeae,,Sc.JP1,YPL00667," Ishigaki Islands, Japan",Japan,24.392687,124.191186,Gymnosporia diversifolia,Gymnosporia,Celastraceae,0,0,1,0,0,NA,5,,,
,,YPL00674,Coccidae,Pulvinaria,Pulvinaria psidii,,Pp.TW2,YPL00674,"Taipei City, Taiwan",Taiwan,25.01663,121.540724,Cornus florida,Cornus,Cornaceae,0,0,0,0,0,NA,5,,,
,,YPL00675,Coccidae,Coccus,Coccus hesperidum,,Ch.JP1,YPL00675,"Kouchi, Japan",Japan,33.39012,133.292344,Ruellia brittoniana,Ruellia,Acanthaceae,0,0,0,0,0,NA,5,,,
,,YPL00676,Coccidae,Coccus,Coccus viridis,,Cv.JP1,YPL00676,"Kouchi, Japan",Japan,33.004981,133.00717,Casimiroa edulis,Casimiroa,Rutaceae,0,0,0,0,0,NA,5,,,
,,YPL00678,Coccidae,Ceroplastes,Ceroplastes rubens,,Cr.JP1,YPL00678,"Ishigaki Islands, Japan",Japan,24.392687,124.191186,Psidium guajava,Psidium,Myrtaceae,0,0,0,0,0,NA,5,,,
,,YPL00680,Coccidae,Pulvinaria,Pulvinaria psidii,,Pp.TW1,YPL00680,"Chiayi County, Taiwan",Taiwan,23.439704,120.617284,Psidium guajava,Psidium,Myrtaceae,0,0,0,0,0,NA,5,,,
,,YPL00689,Coccidae,Ceronema,Ceronema banksiae,1,Cba.NSW2.2,YPL00689,"Nothern Broadwater, NSW",NSW,-32.505585,152.303997,Banksia sp,Banksia,Proteaceae,0,0,0,0,0,NA,5,,,
,,YPL00691,Coccidae,Austrolecanium,Austrolecanium sassafras,1,Asa.NSW1.3,YPL00691,"Myall Lakes, NSW",NSW,-32.5088,152.3186,Endiandra sieberi,Endiandra,Lauraceae,0,0,0,0,0,NA,5,,,
,,YPL00691,Coccidae,Austrolecanium,Austrolecanium sassafras,3,Asa.NSW1.1,YPL00691,"Myall Lakes, NSW",NSW,-32.5088,152.3186,Endiandra sieberi,Endiandra,Lauraceae,1,0,0,0,0,sphinogomos,5,,,
,,YPL00693,Coccidae,Ceroplastes,Ceroplastes rubens,3,Cr.SA1.1,YPL00693,"Adelaide Botanic Garden, SA",SA,-34.917294,138.612117,Syzygium wilsonii,Syzygium,Myrtaceae,0,0,0,0,0,NA,5,,,
,,YPL00691,Coccidae,Austrolecanium,Austrolecanium sassafras,,Asa.NSW1.2,YPL00691,"Myall Lakes, NSW",NSW,-32.5088,152.3186,Endiandra sieberi,Endiandra,Lauraceae,1,0,0,0,0,NA,5,,,
,,YPL00704,Coccidae,Eucalymnatus,Eucalymnatus tessellatus,5,Et.Qld1.1,YPL00704,"D'Aguilar NP, Qld",Qld,-27.098,152.703,Elaeocarpus sp,Elaeocarpus,Elaeocarpaceae,0,0,0,0,0,NA,5,,,
,,YPL00701,Coccidae,Ceronema,Ceronema banksiae,,Cba.Qld1.1,YPL00701,"D'Aguilar NP, Qld",Qld,-27.098,152.703,Banksia sp,Banksia,Proteaceae,0,0,0,0,0,NA,5,,,
,,YPL00704,Coccidae,Eucalymnatus,Eucalymnatus tessellatus,5,Et.Qld1.2,YPL00704,"D'Aguilar NP, Qld",Qld,-27.098,152.703,Elaeocarpus sp,Elaeocarpus,Elaeocarpaceae,0,0,0,0,0,NA,5,,,
,,YPL00704,Coccidae,Eucalymnatus,Eucalymnatus tessellatus,5,Et.Qld1.3,YPL00704,"D'Aguilar NP, Qld",Qld,-27.098,152.703,Elaeocarpus sp,Elaeocarpus,Elaeocarpaceae,0,0,0,0,0,NA,5,,,
,,YPL00704,Coccidae,Eucalymnatus,Eucalymnatus tessellatus,5,Et.Qld1.4,YPL00704,"D'Aguilar NP, Qld",Qld,-27.098,152.703,Elaeocarpus sp,Elaeocarpus,Elaeocarpaceae,0,0,0,0,0,NA,5,,,
,,YPL00704,Coccidae,Eucalymnatus,Eucalymnatus tessellatus,5,Et.Qld1.5,YPL00704,"D'Aguilar NP, Qld",Qld,-27.098,152.703,Elaeocarpus sp,Elaeocarpus,Elaeocarpaceae,0,0,0,0,0,NA,5,,,
,,YPL00719,Coccidae,Ceronema,Ceronema caudatum,1,Cc.NSW1.3,YPL00719,"Lennox Head, NSW",NSW,-28.7823,153.5933,Melaleuca quinquenervia,Melaleuca,Myrtaceae,0,0,0,0,0,NA,5,,,
,,YPL00707,Coccidae,Coccus,Coccus hesperidum,,Ch.CH2,YPL00707,"Shanghai, China",China,31.189294,121.326553,Radermachera sinica,Radermachera,Bignoniaceae,0,0,0,0,0,NA,5,,,
,,YPL00713,Coccidae,Coccus,Coccus hesperidum,,Ch.NG1,YPL00713,"Madang, PNG",PNG,-5.14,145.11,Sarcocephalus coadunatus,Sarcocephalus,Rubiaceae,0,0,0,0,0,NA,5,,,
,,YPL00717,Coccidae,Coccus,Coccus viridis,,Cv.Qld4.1,YPL00717,"St Lucia, Qld",Qld,-27.46,152.94,Gardenia sp,Gardenia,Rubiaceae,0,0,0,0,0,NA,5,,,
,,YPL00719,Coccidae,Ceronema,Ceronema caudatum,3,Cc.NSW1.1,YPL00719,"Lennox Head, NSW",NSW,-28.7823,153.5933,Melaleuca quinquenervia,Melaleuca,Myrtaceae,0,0,0,0,0,NA,5,,,
,,YPL00719,Coccidae,Ceronema,Ceronema caudatum,3,Cc.NSW1.2,YPL00719,"Lennox Head, NSW",NSW,-28.7823,153.5933,Melaleuca quinquenervia,Melaleuca,Myrtaceae,0,1,0,0,0,NA,5,,,
,,YPL00737,Coccidae,Saissetia,Saissetia coffeae,1,Sc.Qld3.1,YPL00737,"Lake street, Cairns, Qld",Qld,-16.913152,145.767289,Cycas revoluta,Cycas,Cycadaceae,0,0,0,1,0,NA,5,,,
,,YPL00727,Coccidae,Coccus,Coccus hesperidum,,Ch.UK1,YPL00727,"London, UK",UK,51.5097,-0.07729,Unknown,Unknown,Unknown,0,0,0,0,0,NA,5,,,
,,YPL00732,Coccidae,Coccus,Coccus praetermissus,,Cpr.TL1,YPL00732,"Ranong, Thailand",Thailand,9.874314,98.604737,Rhizophora mucronata,Rhizophora,Rhizophoraceae,0,0,0,0,0,NA,5,,,
,,YPL00737,Coccidae,Saissetia,Saissetia coffeae,1,Sc.Qld3.2,YPL00737,"Lake street, Cairns, Qld",Qld,-16.913152,145.767289,Cycas revoluta,Cycas,Cycadaceae,0,0,0,0,0,NA,5,,,
,,YPL00738,Coccidae,Saissetia,Saissetia coffeae,1,Sc.Qld1.1,YPL00738,"Lake street, Cairns, Qld",Qld,-16.913152,145.767289,Ixora chinensis,Ixora,Rubiaceae,0,0,0,0,0,NA,5,,,
,,YPL00738,Coccidae,Saissetia,Saissetia coffeae,1,Sc.Qld1.2,YPL00738,"Lake street, Cairns, Qld",Qld,-16.913152,145.767289,Ixora chinensis,Ixora,Rubiaceae,0,0,0,0,0,NA,5,,,
,,YPL00742,Coccidae,Austrolecanium,Austrolichtensia hakearum,3,AH.WA1.1,YPL00742,"Bremer Bay, WA",WA,-34.2302,119.2309,Hakea varia,Hakea,Proteaceae,0,0,0,0,0,NA,5,,,
,,YPL00740,Coccidae,Coccus,Coccus hesperidum,,Ch.TH1,YPL00740,"Nothaburi, Thailand",Thailand,13.5345,100.2933,Costa speciosus,Costa,Costaceae,0,0,0,0,0,NA,5,,,
,,YPL00743,Coccidae,Austrolecanium,Austrolichtensia hakearum,1,AH.WA2.1,YPL00743,"Forrestfield, WA",WA,-31.99567,116.023021,Hakea frifurcata,Hakea,Proteaceae,0,1,0,0,0,NA,5,,,
,,YPL00770,Coccidae,Ceronema,Ceronema dryandrae,1,Cd.WA1.1,YPL00770,"Stirling Range NP, WA",WA,-34.2927,117.9811,Banksia sp,Banksia,Proteaceae,0,0,0,0,0,NA,5,,,
,,YPL00749,Coccidae,Cryptes,Cryptes baccatus,,Cb.WA1,YPL00749,"Perth, WA",WA,-31.55,115.48,Acacia melanoxylon,Acacia,Fabaceae,0,0,0,0,0,NA,5,y,,
,,YPL00757,Coccidae,Austrolecanium,Austrolichtensia hakearum,,AH.WA3.1,YPL00757,"Jarrahdale, WA",WA,-32.329925,116.117907,Hakea lissocarpha,Hakea,Proteaceae,0,1,0,0,0,NA,5,,,
,,YPL00762,Coccidae,Ceronema,Ceronema dryandrae,,Cd.WA2.1,YPL00762,"Stirling Range NP, WA",WA,-34.3972,117.6693,Banksia sp,Banksia,Proteaceae,0,0,0,0,0,NA,5,,,
,,YPL00763,Coccidae,Ceronema,Ceronema dryandrae,,Cd.WA3.1,YPL00763,"Stirling Range NP, WA",WA,-34.3972,117.6693,Banksia sp,Banksia,Proteaceae,0,0,0,0,0,NA,5,,,
,,YPL00770,Coccidae,Ceronema,Ceronema dryandrae,1,Cd.WA1.2,YPL00770,"Stirling Range NP, WA",WA,-34.2927,117.9811,Banksia sp,Banksia,Proteaceae,0,0,0,1,0,NA,5,,,
,,YPL00780,Coccidae,Saissetia,Saissetia coffeae,1,Sc.WA1.2,YPL00780,"Fremantle, WA",WA,-32.0545,115.7464,Cycas revoluta,Cycas,Cycadaceae,0,0,0,0,0,NA,5,,,
,,YPL00777,Coccidae,Coccus,Coccus hesperidum,,Ch.WA3.1,YPL00777,"Fremantle, WA",WA,-32.3521,115.4501,Plumeria obtusa,Plumeria,Apocynaceae,0,0,0,0,0,NA,5,,,
,,YPL00780,Coccidae,Saissetia,Saissetia coffeae,1,Sc.WA1.3,YPL00780,"Fremantle, WA",WA,-32.0545,115.7464,Cycas revoluta,Cycas,Cycadaceae,0,0,0,0,0,NA,5,,,
,,YPL00780,Coccidae,Saissetia,Saissetia coffeae,1,Sc.WA1.1,YPL00780,"Fremantle, WA",WA,-32.0545,115.7464,Cycas revoluta,Cycas,Cycadaceae,0,0,0,0,0,NA,5,,,
,,YPL00782,Coccidae,Saissetia,Saissetia oleae,1,So.WA1.1,YPL00782,"Fremantle, WA",WA,-32.0545,115.7464,Cycas revoluta,Cycas,Cycadaceae,0,0,0,0,0,NA,5,,,
,,YPL00782,Coccidae,Saissetia,Saissetia oleae,1,So.WA1.2,YPL00782,"Fremantle, WA",WA,-32.0545,115.7464,Cycas revoluta,Cycas,Cycadaceae,0,0,0,0,0,NA,5,,,
,,YPL00797,Coccidae,Cryptes,Cryptes baccatus,1,Cb.ACT1.3,YPL00797,"Belconnen, ACT",ACT,-35.2431,149.0722,Acacia melanoxylon,Acacia,Fabaceae,0,0,0,0,0,NA,5,,,
,,YPL00784,Coccidae,Coccus,Coccus hesperidum,,Ch.Om1,YPL00784,"Muscat, Oman ",Oman,23.5911,58.1714,Schefflera arboricola,Schefflera,Araliaceae,0,0,0,0,0,NA,5,,,
,,YPL00788,Coccidae,Coccus,Coccus hesperidum,,Ch.US1,YPL00788,"CA, USA",USA,37.9611,-121.7627,Citrus limon,Citrus ,Rutaceae,0,0,0,0,0,NA,5,,,
,,YPL00793,Coccidae,Cryptes,Cryptes baccatus,,Cb.ACT2,YPL00793,"Belconnen, ACT",ACT,-35.2453,149.0726,Acacia boormanii,Acacia,Fabaceae,0,0,0,0,0,NA,5,y,,
,,YPL00796,Coccidae,Coccus,Coccus hesperidum,,Ch.ACT2.1,YPL00796,"Acton, ACT",ACT,-35.274927,149.11475,Prunus sp,Prunus,Rosaceae,0,0,0,0,0,NA,5,,,
,,YPL00797,Coccidae,Cryptes,Cryptes baccatus,1,Cb.ACT1.4,YPL00797,"Belconnen, ACT",ACT,-35.2431,149.0722,Acacia melanoxylon,Acacia,Fabaceae,1,0,0,0,0,NA,5,,,
,,YPL00798,Coccidae,Cryptes,Cryptes baccatus,3,Cb.NSW1.1,YPL00798,"Windellama, NSW",NSW,-34.5826,149.5417,Acacia mearnsii,Acacia,Fabaceae,1,0,0,0,0,NA,5,y,,
,,YPL00797,Coccidae,Cryptes,Cryptes baccatus,,Cb.ACT1.1,YPL00797,"Belconnen, ACT",ACT,-35.2431,149.0722,Acacia melanoxylon,Acacia,Fabaceae,1,1,0,0,0,NA,5,,,
,,YPL00797,Coccidae,Cryptes,Cryptes baccatus,,Cb.ACT1.2,YPL00797,"Belconnen, ACT",ACT,-35.2431,149.0722,Acacia melanoxylon,Acacia,Fabaceae,1,0,0,0,0,NA,5,,,
,,YPL00798,Coccidae,Cryptes,Cryptes baccatus,3,Cb.NSW1.2,YPL00798,"Windellama, NSW",NSW,-34.5826,149.5417,Acacia mearnsii,Acacia,Fabaceae,1,0,0,0,0,NA,5,,,
,,YPL00800,Coccidae,Eucalymnatus,Eucalymnatus tessellatus,3,Et.CI1.1,YPL00800,"Christmas Island, Qld ",Qld,-10.417235,105.676106,Gardenia sp,Gardenia,Rubiaceae,0,0,0,0,0,sphingomos,5,,,
,,YPL00800,Coccidae,Eucalymnatus,Eucalymnatus tessellatus,3,Et.CI1.2,YPL00800,"Christmas Island, Qld ",Qld,-10.417235,105.676106,Gardenia sp,Gardenia,Rubiaceae,0,0,0,0,0,NA,5,,,
,,YPL00800,Coccidae,Eucalymnatus,Eucalymnatus tessellatus,5,Et.CI1.3,YPL00800,"Christmas Island, Qld ",Qld,-10.417235,105.676106,Gardenia sp,Gardenia,Rubiaceae,0,0,0,0,0,NA,5,,,
,,YPL00825,Pseudococcidae,Phenacoccus,Pseudococcus longispinus,3,Pl.ACT1.1,YPL00825,"Acton, ACT",ACT,-35.274927,149.11475,Unknown,Unknown,Unknown,0,0,0,0,0,NA,5,,,
,,YPL00814,Coccidae,Coccus,Coccus hesperidum,,Ch.WA2.2,YPL00814,"Albany, WA",WA,-35.0157,117.8531,Unknown,Unknown,Unknown,0,0,0,0,0,NA,5,,,
,,YPL00814,Coccidae,Coccus,Coccus hesperidum,,Ch.WA2.3,YPL00814,"Albany, WA",WA,-35.0157,117.8531,Unknown,Unknown,Unknown,0,0,0,0,0,NA,5,,,
,,YPL00825,Pseudococcidae,Phenacoccus,Pseudococcus longispinus,3,Pl.ACT1.3,YPL00825,"Acton, ACT",ACT,-35.274927,149.11475,Unknown,Unknown,Unknown,0,0,0,0,0,candidatus,5,,,
,,YPL00825,Pseudococcidae,Phenacoccus,Pseudococcus longispinus,,Pl.ACT1.2,YPL00825,"Acton, ACT",ACT,-35.274927,149.11475,Unknown,Unknown,Unknown,0,0,0,0,0,NA,5,,,
,,YPL00857,Pseudococcidae,Maconellicoccus,Maconellicoccus australiensis,3,Ma.ACT1.1,YPL00857,"Acton, ACT",ACT,-35.274927,149.11475,Acacia sp,Acacia,Fabaceae,1,0,0,0,0,NA,5,,,
,,YPL00845,Coccidae,Parasaissetia,Parasaissetia nigra,,Pn.TL1,YPL00845,"Maehongson, Thailand",Thailand,19.2244,98.2534,Solanum melongena,Solanum,Solanaceae,0,0,0,0,0,NA,5,,,
,,YPL00857,Pseudococcidae,Maconellicoccus,Maconellicoccus australiensis,3,Ma.ACT1.2,YPL00857,"Acton, ACT",ACT,-35.274927,149.11475,Acacia sp,Acacia,Fabaceae,1,0,0,0,0,NA,5,,,
,,YPL00857,Pseudococcidae,Maconellicoccus,Maconellicoccus australiensis,3,Ma.ACT1.3,YPL00857,"Acton, ACT",ACT,-35.274927,149.11475,Acacia sp,Acacia,Fabaceae,0,0,0,0,0,NA,5,,,
,,YPL00875,Pseudococcidae,Maconellicoccus,Maconellicoccus australiensis,3,Ma.Qld1.1,YPL00875,"Gatton, Qld",Qld,-27.500937,152.131847,Acacia sp,Acacia,Fabaceae,1,0,0,0,0,Candidatus,5,,,
,,YPL00875,Pseudococcidae,Maconellicoccus,Maconellicoccus australiensis,3,Ma.Qld1.2,YPL00875,"Gatton, Qld",Qld,-27.500937,152.131847,Acacia sp,Acacia,Fabaceae,1,0,0,0,0,Candidatus,5,,,
,,YPL00875,Pseudococcidae,Maconellicoccus,Maconellicoccus australiensis,3,Ma.Qld1.3,YPL00875,"Gatton, Qld",Qld,-27.500937,152.131847,Acacia sp,Acacia,Fabaceae,0,0,0,0,0,NA,5,,,
,,YPL00898,Coccidae,Saissetia,Saissetia oleae,1,So.NSW1.1,YPL00898,"Prince Alfred Park, NSW",NSW,-33.884,151.2049,Nerium oleander,Nerium,Apocynaceae,0,0,0,0,0,NA,5,,,
,,YPL00877,Coccidae,Parasaissetia,Parasaissetia nigra,,Pn.Qld2.1,YPL00877,"Auburn River NP, Qld",Qld,-25.7121,151.0497,Unknown,Unknown,Unknown,0,0,0,0,0,NA,5,,,
,,YPL00877,Coccidae,Parasaissetia,Parasaissetia nigra,,Pn.Qld2.2,YPL00877,"Auburn River NP, Qld",Qld,-25.7121,151.0497,Unknown,Unknown,Unknown,0,0,0,0,0,NA,5,,,
,,YPL00877,Coccidae,Parasaissetia,Parasaissetia nigra,,Pn.Qld2.3,YPL00877,"Auburn River NP, Qld",Qld,-25.7121,151.0497,Unknown,Unknown,Unknown,0,0,0,0,0,NA,5,,,
,,YPL00877,Coccidae,Parasaissetia,Parasaissetia nigra,,Pn.Qld2.4,YPL00877,"Auburn River NP, Qld",Qld,-25.7121,151.0497,Unknown,Unknown,Unknown,0,0,0,0,0,NA,5,,,
,,YPL00877,Coccidae,Parasaissetia,Parasaissetia nigra,,Pn.Qld2.5,YPL00877,"Auburn River NP, Qld",Qld,-25.7121,151.0497,Unknown,Unknown,Unknown,0,0,0,0,0,NA,5,,,
,,YPL00898,Coccidae,Saissetia,Saissetia oleae,1,So.NSW1.2,YPL00898,"Prince Alfred Park, NSW",NSW,-33.884,151.2049,Nerium oleander,Nerium,Apocynaceae,0,0,0,0,0,NA,5,,,
,,YPL00907,Coccidae,Eucalymnatus,Eucalymnatus tessellatus,5,Et.NSW1.1,YPL00907,"Terrigal, NSW ",NSW,-33.4493,151.4464,Syzygium sp,Syzygium,Myrtaceae,0,0,0,0,0,NA,5,,,
,,YPL00907,Coccidae,Eucalymnatus,Eucalymnatus tessellatus,5,Et.NSW1.2,YPL00907,"Terrigal, NSW ",NSW,-33.4493,151.4464,Syzygium sp,Syzygium,Myrtaceae,0,0,0,0,0,NA,5,,,
,,YPL00907,Coccidae,Eucalymnatus,Eucalymnatus tessellatus,5,Et.NSW1.3,YPL00907,"Terrigal, NSW ",NSW,-33.4493,151.4464,Syzygium sp,Syzygium,Myrtaceae,0,0,0,0,0,NA,5,,,
,,YPL00907,Coccidae,Eucalymnatus,Eucalymnatus tessellatus,5,Et.NSW1.4,YPL00907,"Terrigal, NSW ",NSW,-33.4493,151.4464,Syzygium sp,Syzygium,Myrtaceae,0,0,0,0,0,NA,5,,,
,,YPL0091,Coccidae,Coccus,Coccus viridis,5,CV.B1.1,YPL0091,"St Lucia, Qld",Qld,-27.497868,153.012381,Schinus terebinthifolius,Schinus,Anacardiaceae,0,0,0,0,0,NA,5,,,
,,YPL0091,Coccidae,Coccus,Coccus viridis,3,CV.B1.2,YPL0091,"St Lucia, Qld",Qld,-27.497868,153.012381,Schinus terebinthifolius,Schinus,Anacardiaceae,0,0,0,0,0,NA,5,,,
,,YPL0091,Coccidae,Coccus,Coccus viridis,3,CV.B1.3,YPL0091,"St Lucia, Qld",Qld,-27.497868,153.012381,Schinus terebinthifolius,Schinus,Anacardiaceae,0,0,0,0,0,NA,5,,,
,,YPL0091,Coccidae,Coccus,Coccus viridis,5,CV.B1.4,YPL0091,"St Lucia, Qld",Qld,-27.497868,153.012381,Schinus terebinthifolius,Schinus,Anacardiaceae,0,0,0,0,0,NA,5,,,
,,YPL0097,Coccidae,Coccus,Coccus viridis,5,CV.T1.1,YPL0097,"Chiayi County, Taiwan",Taiwan,23.441278,120.500944,Citrus grandis,Citrus,Rutaceae,0,0,0,0,0,NA,5,,,
,,YPL0097,Coccidae,Coccus,Coccus viridis,5,CV.T1.2,YPL0097,"Chiayi County, Taiwan",Taiwan,23.441278,120.500944,Citrus grandis,Citrus,Rutaceae,0,0,0,0,0,NA,5,,,
,,YPL0097,Coccidae,Coccus,Coccus viridis,5,CV.T1.3,YPL0097,"Chiayi County, Taiwan",Taiwan,23.441278,120.500944,Citrus grandis,Citrus,Rutaceae,0,0,0,0,0,NA,5,,,
,,,Monophlebidae,Icerya,Icerya purchasi,3,Ip.Qld1.1,,"St Lucia, Qld",Qld,-27.4979,153.0109,Unknown,Unknown,Unknown,1,0,0,0,0,NA,5,,,
